solid wing-suction
 facet normal -0.9866281720943532 0.0 -0.16298726953279366
  outer loop
   vertex -136.3967177975174 -2.0 14.157314125031924
   vertex -136.3967177975174 105.0 14.157314125031924
   vertex -136.3357733371461 105.0 13.788392541721903
  endloop
 endfacet
 facet normal -0.9866281720943532 0.0 -0.16298726953279366
  outer loop
   vertex -136.3967177975174 -2.0 14.157314125031924
   vertex -136.3357733371461 105.0 13.788392541721903
   vertex -136.3357733371461 -2.0 13.788392541721903
  endloop
 endfacet
 facet normal -0.8921053449670595 0.0 -0.45182745985741496
  outer loop
   vertex -136.3357733371461 -2.0 13.788392541721903
   vertex -136.3357733371461 105.0 13.788392541721903
   vertex -136.15480295725766 105.0 13.43107773126275
  endloop
 endfacet
 facet normal -0.8921053449670595 0.0 -0.45182745985741496
  outer loop
   vertex -136.3357733371461 -2.0 13.788392541721903
   vertex -136.15480295725766 105.0 13.43107773126275
   vertex -136.15480295725766 -2.0 13.43107773126275
  endloop
 endfacet
 facet normal -0.7811018715500829 0.0 -0.6244036084624733
  outer loop
   vertex -136.15480295725766 -2.0 13.43107773126275
   vertex -136.15480295725766 105.0 13.43107773126275
   vertex -135.88554968987887 105.0 13.094253555008514
  endloop
 endfacet
 facet normal -0.7811018715500829 0.0 -0.6244036084624733
  outer loop
   vertex -136.15480295725766 -2.0 13.43107773126275
   vertex -135.88554968987887 105.0 13.094253555008514
   vertex -135.88554968987887 -2.0 13.094253555008514
  endloop
 endfacet
 facet normal -0.6863513306678141 0.0 -0.7272701361189807
  outer loop
   vertex -135.88554968987887 -2.0 13.094253555008514
   vertex -135.88554968987887 105.0 13.094253555008514
   vertex -135.55976890012025 105.0 12.786802351594515
  endloop
 endfacet
 facet normal -0.6863513306678141 0.0 -0.7272701361189807
  outer loop
   vertex -135.88554968987887 -2.0 13.094253555008514
   vertex -135.55976890012025 105.0 12.786802351594515
   vertex -135.55976890012025 -2.0 12.786802351594515
  endloop
 endfacet
 facet normal -0.6090659593068559 0.0 -0.7931195730869459
  outer loop
   vertex -135.55976890012025 -2.0 12.786802351594515
   vertex -135.55976890012025 105.0 12.786802351594515
   vertex -135.20921955152144 105.0 12.517602495061258
  endloop
 endfacet
 facet normal -0.6090659593068559 0.0 -0.7931195730869459
  outer loop
   vertex -135.55976890012025 -2.0 12.786802351594515
   vertex -135.20921955152144 105.0 12.517602495061258
   vertex -135.20921955152144 -2.0 12.517602495061258
  endloop
 endfacet
 facet normal -0.5420011119829767 0.0 -0.8403777689879812
  outer loop
   vertex -135.20921955152144 -2.0 12.517602495061258
   vertex -135.20921955152144 105.0 12.517602495061258
   vertex -134.85924636204544 105.0 12.291887507278263
  endloop
 endfacet
 facet normal -0.5420011119829767 0.0 -0.8403777689879812
  outer loop
   vertex -135.20921955152144 -2.0 12.517602495061258
   vertex -134.85924636204544 105.0 12.291887507278263
   vertex -134.85924636204544 -2.0 12.291887507278263
  endloop
 endfacet
 facet normal -0.4804024961765212 0.0 -0.8770481410204161
  outer loop
   vertex -134.85924636204544 -2.0 12.291887507278263
   vertex -134.85924636204544 105.0 12.291887507278263
   vertex -134.51003834957817 105.0 12.100609066531629
  endloop
 endfacet
 facet normal -0.4804024961765212 0.0 -0.8770481410204161
  outer loop
   vertex -134.85924636204544 -2.0 12.291887507278263
   vertex -134.51003834957817 105.0 12.100609066531629
   vertex -134.51003834957817 -2.0 12.100609066531629
  endloop
 endfacet
 facet normal -0.4312136508214512 0.0 -0.9022498475174356
  outer loop
   vertex -134.51003834957817 -2.0 12.100609066531629
   vertex -134.51003834957817 105.0 12.100609066531629
   vertex -134.15561951369762 105.0 11.931221129741772
  endloop
 endfacet
 facet normal -0.4312136508214512 0.0 -0.9022498475174356
  outer loop
   vertex -134.51003834957817 -2.0 12.100609066531629
   vertex -134.15561951369762 105.0 11.931221129741772
   vertex -134.15561951369762 -2.0 11.931221129741772
  endloop
 endfacet
 facet normal -0.3972471209372341 0.0 -0.9177116785282176
  outer loop
   vertex -134.15561951369762 -2.0 11.931221129741772
   vertex -134.15561951369762 105.0 11.931221129741772
   vertex -133.7916804097869 105.0 11.77368389380197
  endloop
 endfacet
 facet normal -0.3972471209372341 0.0 -0.9177116785282176
  outer loop
   vertex -134.15561951369762 -2.0 11.931221129741772
   vertex -133.7916804097869 105.0 11.77368389380197
   vertex -133.7916804097869 -2.0 11.77368389380197
  endloop
 endfacet
 facet normal -0.3688414499943687 0.0 -0.9294923263621123
  outer loop
   vertex -133.7916804097869 -2.0 11.77368389380197
   vertex -133.7916804097869 105.0 11.77368389380197
   vertex -133.41916679020923 105.0 11.625862917027012
  endloop
 endfacet
 facet normal -0.3688414499943687 0.0 -0.9294923263621123
  outer loop
   vertex -133.7916804097869 -2.0 11.77368389380197
   vertex -133.41916679020923 105.0 11.625862917027012
   vertex -133.41916679020923 -2.0 11.625862917027012
  endloop
 endfacet
 facet normal -0.3435462243950019 0.0 -0.9391357685148293
  outer loop
   vertex -133.41916679020923 -2.0 11.625862917027012
   vertex -133.41916679020923 105.0 11.625862917027012
   vertex -133.04005880705634 105.0 11.487181034580829
  endloop
 endfacet
 facet normal -0.3435462243950019 0.0 -0.9391357685148293
  outer loop
   vertex -133.41916679020923 -2.0 11.625862917027012
   vertex -133.04005880705634 105.0 11.487181034580829
   vertex -133.04005880705634 -2.0 11.487181034580829
  endloop
 endfacet
 facet normal -0.3211374426465522 0.0 -0.9470325986630199
  outer loop
   vertex -133.04005880705634 -2.0 11.487181034580829
   vertex -133.04005880705634 105.0 11.487181034580829
   vertex -132.65633491012812 105.0 11.357060792557624
  endloop
 endfacet
 facet normal -0.3211374426465522 0.0 -0.9470325986630199
  outer loop
   vertex -133.04005880705634 -2.0 11.487181034580829
   vertex -132.65633491012812 105.0 11.357060792557624
   vertex -132.65633491012812 -2.0 11.357060792557624
  endloop
 endfacet
 facet normal -0.30141551590233623 0.0 -0.9534928876364671
  outer loop
   vertex -132.65633491012812 -2.0 11.357060792557624
   vertex -132.65633491012812 105.0 11.357060792557624
   vertex -132.2699713072538 105.0 11.234924606544823
  endloop
 endfacet
 facet normal -0.30141551590233623 0.0 -0.9534928876364671
  outer loop
   vertex -132.65633491012812 -2.0 11.357060792557624
   vertex -132.2699713072538 105.0 11.234924606544823
   vertex -132.2699713072538 -2.0 11.234924606544823
  endloop
 endfacet
 facet normal -0.28404438152226247 0.0 -0.9588111332924933
  outer loop
   vertex -132.2699713072538 -2.0 11.234924606544823
   vertex -132.2699713072538 105.0 11.234924606544823
   vertex -131.88276234278266 105.0 11.120215330636228
  endloop
 endfacet
 facet normal -0.28404438152226247 0.0 -0.9588111332924933
  outer loop
   vertex -132.2699713072538 -2.0 11.234924606544823
   vertex -131.88276234278266 105.0 11.120215330636228
   vertex -131.88276234278266 -2.0 11.120215330636228
  endloop
 endfacet
 facet normal -0.26765013300735185 0.0 -0.9635161681576221
  outer loop
   vertex -131.88276234278266 -2.0 11.120215330636228
   vertex -131.88276234278266 105.0 11.120215330636228
   vertex -131.49511743105774 105.0 11.012533471616479
  endloop
 endfacet
 facet normal -0.26765013300735185 0.0 -0.9635161681576221
  outer loop
   vertex -131.88276234278266 -2.0 11.120215330636228
   vertex -131.49511743105774 105.0 11.012533471616479
   vertex -131.49511743105774 -2.0 11.012533471616479
  endloop
 endfacet
 facet normal -0.25167763743363136 0.0 -0.9678111214569844
  outer loop
   vertex -131.49511743105774 -2.0 11.012533471616479
   vertex -131.49511743105774 105.0 11.012533471616479
   vertex -131.1068023592405 105.0 10.91155279709426
  endloop
 endfacet
 facet normal -0.25167763743363136 0.0 -0.9678111214569844
  outer loop
   vertex -131.49511743105774 -2.0 11.012533471616479
   vertex -131.1068023592405 105.0 10.91155279709426
   vertex -131.1068023592405 -2.0 10.91155279709426
  endloop
 endfacet
 facet normal -0.2361857649785862 0.0 -0.971707921353675
  outer loop
   vertex -131.1068023592405 -2.0 10.91155279709426
   vertex -131.1068023592405 105.0 10.91155279709426
   vertex -130.71757992719932 105.0 10.816947416363796
  endloop
 endfacet
 facet normal -0.2361857649785862 0.0 -0.971707921353675
  outer loop
   vertex -131.1068023592405 -2.0 10.91155279709426
   vertex -130.71757992719932 105.0 10.816947416363796
   vertex -130.71757992719932 -2.0 10.816947416363796
  endloop
 endfacet
 facet normal -0.22123230016381146 0.0 -0.975221138698413
  outer loop
   vertex -130.71757992719932 -2.0 10.816947416363796
   vertex -130.71757992719932 105.0 10.816947416363796
   vertex -130.32721360127059 105.0 10.728391460422383
  endloop
 endfacet
 facet normal -0.22123230016381146 0.0 -0.975221138698413
  outer loop
   vertex -130.71757992719932 -2.0 10.816947416363796
   vertex -130.32721360127059 105.0 10.728391460422383
   vertex -130.32721360127059 -2.0 10.728391460422383
  endloop
 endfacet
 facet normal -0.20690630824951387 0.0 -0.9783607614814471
  outer loop
   vertex -130.32721360127059 -2.0 10.728391460422383
   vertex -130.32721360127059 105.0 10.728391460422383
   vertex -129.93549944034552 105.0 10.645550718932162
  endloop
 endfacet
 facet normal -0.20690630824951387 0.0 -0.9783607614814471
  outer loop
   vertex -130.32721360127059 -2.0 10.728391460422383
   vertex -129.93549944034552 105.0 10.645550718932162
   vertex -129.93549944034552 -2.0 10.645550718932162
  endloop
 endfacet
 facet normal -0.19357723334273857 0.0 -0.9810850395003335
  outer loop
   vertex -129.93549944034552 -2.0 10.645550718932162
   vertex -129.93549944034552 105.0 10.645550718932162
   vertex -129.54252687740438 105.0 10.568013565218664
  endloop
 endfacet
 facet normal -0.19357723334273857 0.0 -0.9810850395003335
  outer loop
   vertex -129.93549944034552 -2.0 10.645550718932162
   vertex -129.54252687740438 105.0 10.568013565218664
   vertex -129.54252687740438 -2.0 10.568013565218664
  endloop
 endfacet
 facet normal -0.18142893139442115 0.0 -0.9834040587942875
  outer loop
   vertex -129.54252687740438 -2.0 10.568013565218664
   vertex -129.54252687740438 105.0 10.568013565218664
   vertex -129.148542719485 105.0 10.495327140835501
  endloop
 endfacet
 facet normal -0.18142893139442115 0.0 -0.9834040587942875
  outer loop
   vertex -129.54252687740438 -2.0 10.568013565218664
   vertex -129.148542719485 105.0 10.495327140835501
   vertex -129.148542719485 -2.0 10.495327140835501
  endloop
 endfacet
 facet normal -0.17046005389932004 0.0 -0.98536458736076
  outer loop
   vertex -129.148542719485 -2.0 10.495327140835501
   vertex -129.148542719485 105.0 10.495327140835501
   vertex -128.75379474109656 105.0 10.42703895336068
  endloop
 endfacet
 facet normal -0.17046005389932004 0.0 -0.98536458736076
  outer loop
   vertex -129.148542719485 -2.0 10.495327140835501
   vertex -128.75379474109656 105.0 10.42703895336068
   vertex -128.75379474109656 -2.0 10.42703895336068
  endloop
 endfacet
 facet normal -0.16066621993626706 0.0 -0.9870087972107396
  outer loop
   vertex -128.75379474109656 -2.0 10.42703895336068
   vertex -128.75379474109656 105.0 10.42703895336068
   vertex -128.35853009642963 105.0 10.362697402897755
  endloop
 endfacet
 facet normal -0.16066621993626706 0.0 -0.9870087972107396
  outer loop
   vertex -128.75379474109656 -2.0 10.42703895336068
   vertex -128.35853009642963 105.0 10.362697402897755
   vertex -128.35853009642963 -2.0 10.362697402897755
  endloop
 endfacet
 facet normal -0.1519465238509978 0.0 -0.9883887159865788
  outer loop
   vertex -128.35853009642963 -2.0 10.362697402897755
   vertex -128.35853009642963 105.0 10.362697402897755
   vertex -127.96297700613823 105.0 10.301888415405111
  endloop
 endfacet
 facet normal -0.1519465238509978 0.0 -0.9883887159865788
  outer loop
   vertex -128.35853009642963 -2.0 10.362697402897755
   vertex -127.96297700613823 105.0 10.301888415405111
   vertex -127.96297700613823 -2.0 10.301888415405111
  endloop
 endfacet
 facet normal -0.14358957225786081 0.0 -0.9896373248512834
  outer loop
   vertex -127.96297700613823 -2.0 10.301888415405111
   vertex -127.96297700613823 105.0 10.301888415405111
   vertex -127.56722850348899 105.0 10.244468028370262
  endloop
 endfacet
 facet normal -0.14358957225786081 0.0 -0.9896373248512834
  outer loop
   vertex -127.96297700613823 -2.0 10.301888415405111
   vertex -127.56722850348899 105.0 10.244468028370262
   vertex -127.56722850348899 -2.0 10.244468028370262
  endloop
 endfacet
 facet normal -0.1352788346334979 0.0 -0.9908075680475007
  outer loop
   vertex -127.56722850348899 -2.0 10.244468028370262
   vertex -127.56722850348899 105.0 10.244468028370262
   vertex -127.17131724223663 105.0 10.190412714535668
  endloop
 endfacet
 facet normal -0.1352788346334979 0.0 -0.9908075680475007
  outer loop
   vertex -127.56722850348899 -2.0 10.244468028370262
   vertex -127.17131724223663 105.0 10.190412714535668
   vertex -127.17131724223663 -2.0 10.190412714535668
  endloop
 endfacet
 facet normal -0.1270138170908225 0.0 -0.991900947810828
  outer loop
   vertex -127.17131724223663 -2.0 10.190412714535668
   vertex -127.17131724223663 105.0 10.190412714535668
   vertex -126.7752755543095 105.0 10.13969921675977
  endloop
 endfacet
 facet normal -0.1270138170908225 0.0 -0.991900947810828
  outer loop
   vertex -127.17131724223663 -2.0 10.190412714535668
   vertex -126.7752755543095 105.0 10.13969921675977
   vertex -126.7752755543095 -2.0 10.13969921675977
  endloop
 endfacet
 facet normal -0.11879545290528724 0.0 -0.9929187481204229
  outer loop
   vertex -126.7752755543095 -2.0 10.13969921675977
   vertex -126.7752755543095 105.0 10.13969921675977
   vertex -126.37913572618102 105.0 10.09230398891718
  endloop
 endfacet
 facet normal -0.11879545290528724 0.0 -0.9929187481204229
  outer loop
   vertex -126.7752755543095 -2.0 10.13969921675977
   vertex -126.37913572618102 105.0 10.09230398891718
   vertex -126.37913572618102 -2.0 10.09230398891718
  endloop
 endfacet
 facet normal -0.11062461852153146 0.0 -0.9938622609682719
  outer loop
   vertex -126.37913572618102 -2.0 10.09230398891718
   vertex -126.37913572618102 105.0 10.09230398891718
   vertex -125.98292999292539 105.0 10.04820320169668
  endloop
 endfacet
 facet normal -0.11062461852153146 0.0 -0.9938622609682719
  outer loop
   vertex -126.37913572618102 -2.0 10.09230398891718
   vertex -125.98292999292539 105.0 10.04820320169668
   vertex -125.98292999292539 -2.0 10.04820320169668
  endloop
 endfacet
 facet normal -0.10250213449291914 0.0 -0.9947327844322794
  outer loop
   vertex -125.98292999292539 -2.0 10.04820320169668
   vertex -125.98292999292539 105.0 10.04820320169668
   vertex -125.58669053229767 105.0 10.007372748412841
  endloop
 endfacet
 facet normal -0.10250213449291914 0.0 -0.9947327844322794
  outer loop
   vertex -125.98292999292539 -2.0 10.04820320169668
   vertex -125.58669053229767 105.0 10.007372748412841
   vertex -125.58669053229767 -2.0 10.007372748412841
  endloop
 endfacet
 facet normal -0.09442876648324533 0.0 -0.995531620823996
  outer loop
   vertex -125.58669053229767 -2.0 10.007372748412841
   vertex -125.58669053229767 105.0 10.007372748412841
   vertex -125.19044945883996 105.0 9.969788250829893
  endloop
 endfacet
 facet normal -0.09442876648324533 0.0 -0.995531620823996
  outer loop
   vertex -125.58669053229767 -2.0 10.007372748412841
   vertex -125.19044945883996 105.0 9.969788250829893
   vertex -125.19044945883996 -2.0 9.969788250829893
  endloop
 endfacet
 facet normal -0.08640522632416991 0.0 -0.9962600749121029
  outer loop
   vertex -125.19044945883996 -2.0 9.969788250829893
   vertex -125.19044945883996 105.0 9.969788250829893
   vertex -124.79423881801495 105.0 9.935425064996565
  endloop
 endfacet
 facet normal -0.08640522632416991 0.0 -0.9962600749121029
  outer loop
   vertex -125.19044945883996 -2.0 9.969788250829893
   vertex -124.79423881801495 105.0 9.935425064996565
   vertex -124.79423881801495 -2.0 9.935425064996565
  endloop
 endfacet
 facet normal -0.07843218854687412 0.0 -0.9969194510088303
  outer loop
   vertex -124.79423881801495 -2.0 9.935425064996565
   vertex -124.79423881801495 105.0 9.935425064996565
   vertex -124.3980905807805 105.0 9.904258280956148
  endloop
 endfacet
 facet normal -0.07843218854687412 0.0 -0.9969194510088303
  outer loop
   vertex -124.79423881801495 -2.0 9.935425064996565
   vertex -124.3980905807805 105.0 9.904258280956148
   vertex -124.3980905807805 -2.0 9.904258280956148
  endloop
 endfacet
 facet normal -0.07054596770787977 0.0 -0.9975085295074717
  outer loop
   vertex -124.3980905807805 -2.0 9.904258280956148
   vertex -124.3980905807805 105.0 9.904258280956148
   vertex -124.0020375913315 105.0 9.876248554144013
  endloop
 endfacet
 facet normal -0.07054596770787977 0.0 -0.9975085295074717
  outer loop
   vertex -124.3980905807805 -2.0 9.904258280956148
   vertex -124.0020375913315 105.0 9.876248554144013
   vertex -124.0020375913315 -2.0 9.876248554144013
  endloop
 endfacet
 facet normal -0.06285903307453543 0.0 -0.9980224155603593
  outer loop
   vertex -124.0020375913315 -2.0 9.876248554144013
   vertex -124.0020375913315 105.0 9.876248554144013
   vertex -123.60611558928524 105.0 9.851311965713192
  endloop
 endfacet
 facet normal -0.06285903307453543 0.0 -0.9980224155603593
  outer loop
   vertex -124.0020375913315 -2.0 9.876248554144013
   vertex -123.60611558928524 105.0 9.851311965713192
   vertex -123.60611558928524 -2.0 9.851311965713192
  endloop
 endfacet
 facet normal -0.05539351847830258 0.0 -0.9984646003292225
  outer loop
   vertex -123.60611558928524 -2.0 9.851311965713192
   vertex -123.60611558928524 105.0 9.851311965713192
   vertex -123.21036078381331 105.0 9.829356003406108
  endloop
 endfacet
 facet normal -0.05539351847830258 0.0 -0.9984646003292225
  outer loop
   vertex -123.60611558928524 -2.0 9.851311965713192
   vertex -123.21036078381331 105.0 9.829356003406108
   vertex -123.21036078381331 -2.0 9.829356003406108
  endloop
 endfacet
 facet normal -0.04814945633746656 0.0 -0.9988401422922522
  outer loop
   vertex -123.21036078381331 -2.0 9.829356003406108
   vertex -123.21036078381331 105.0 9.829356003406108
   vertex -122.81480926068697 105.0 9.810288296787627
  endloop
 endfacet
 facet normal -0.04814945633746656 0.0 -0.9988401422922522
  outer loop
   vertex -123.21036078381331 -2.0 9.829356003406108
   vertex -122.81480926068697 105.0 9.810288296787627
   vertex -122.81480926068697 -2.0 9.810288296787627
  endloop
 endfacet
 facet normal -0.04112669896176236 0.0 -0.9991539394069908
  outer loop
   vertex -122.81480926068697 -2.0 9.810288296787627
   vertex -122.81480926068697 105.0 9.810288296787627
   vertex -122.41949697542485 105.0 9.794016640628707
  endloop
 endfacet
 facet normal -0.04112669896176236 0.0 -0.9991539394069908
  outer loop
   vertex -122.81480926068697 -2.0 9.810288296787627
   vertex -122.41949697542485 105.0 9.794016640628707
   vertex -122.41949697542485 -2.0 9.794016640628707
  endloop
 endfacet
 facet normal -0.03432493553352121 0.0 -0.9994107257782555
  outer loop
   vertex -122.41949697542485 -2.0 9.794016640628707
   vertex -122.41949697542485 105.0 9.794016640628707
   vertex -122.02445974648614 105.0 9.780449018161875
  endloop
 endfacet
 facet normal -0.03432493553352121 0.0 -0.9994107257782555
  outer loop
   vertex -122.41949697542485 -2.0 9.794016640628707
   vertex -122.02445974648614 105.0 9.780449018161875
   vertex -122.02445974648614 -2.0 9.780449018161875
  endloop
 endfacet
 facet normal -0.027743708484082807 0.0 -0.9996150692339278
  outer loop
   vertex -122.02445974648614 -2.0 9.780449018161875
   vertex -122.02445974648614 105.0 9.780449018161875
   vertex -121.62973324851097 105.0 9.76949362420292
  endloop
 endfacet
 facet normal -0.027743708484082807 0.0 -0.9996150692339278
  outer loop
   vertex -122.02445974648614 -2.0 9.780449018161875
   vertex -121.62973324851097 105.0 9.76949362420292
   vertex -121.62973324851097 -2.0 9.76949362420292
  endloop
 endfacet
 facet normal -0.021382429229793828 0.0 -0.9997713697242149
  outer loop
   vertex -121.62973324851097 -2.0 9.76949362420292
   vertex -121.62973324851097 105.0 9.76949362420292
   vertex -121.23535300560908 105.0 9.761058888133407
  endloop
 endfacet
 facet normal -0.021382429229793828 0.0 -0.9997713697242149
  outer loop
   vertex -121.62973324851097 -2.0 9.76949362420292
   vertex -121.23535300560908 105.0 9.761058888133407
   vertex -121.23535300560908 -2.0 9.761058888133407
  endloop
 endfacet
 facet normal -0.015240393242045494 0.0 -0.9998838584624855
  outer loop
   vertex -121.23535300560908 -2.0 9.761058888133407
   vertex -121.23535300560908 105.0 9.761058888133407
   vertex -120.84135438469892 105.0 9.755053496738523
  endloop
 endfacet
 facet normal -0.015240393242045494 0.0 -0.9998838584624855
  outer loop
   vertex -121.23535300560908 -2.0 9.761058888133407
   vertex -120.84135438469892 105.0 9.755053496738523
   vertex -120.84135438469892 -2.0 9.755053496738523
  endloop
 endfacet
 facet normal -0.009314356812677024 0.0 -0.9999566204376898
  outer loop
   vertex -120.84135438469892 -2.0 9.755053496738523
   vertex -120.84135438469892 105.0 9.755053496738523
   vertex -120.44777238865811 105.0 9.751387374557577
  endloop
 endfacet
 facet normal -0.009314356812677024 0.0 -0.9999566204376898
  outer loop
   vertex -120.84135438469892 -2.0 9.755053496738523
   vertex -120.44777238865811 105.0 9.751387374557577
   vertex -120.44777238865811 -2.0 9.751387374557577
  endloop
 endfacet
 facet normal -0.00352896607697924 0.0 -0.9999937731798271
  outer loop
   vertex -120.44777238865811 -2.0 9.751387374557577
   vertex -120.44777238865811 105.0 9.751387374557577
   vertex -120.05463573379038 105.0 9.75
  endloop
 endfacet
 facet normal -0.00352896607697924 0.0 -0.9999937731798271
  outer loop
   vertex -120.44777238865811 -2.0 9.751387374557577
   vertex -120.05463573379038 105.0 9.75
   vertex -120.05463573379038 -2.0 9.75
  endloop
 endfacet
 facet normal 0.002202568977839259 0.0 -0.9999975743420071
  outer loop
   vertex -120.05463573379038 -2.0 9.75
   vertex -120.05463573379038 105.0 9.75
   vertex -119.66196591145095 105.0 9.750864884467132
  endloop
 endfacet
 facet normal 0.002202568977839259 0.0 -0.9999975743420071
  outer loop
   vertex -120.05463573379038 -2.0 9.75
   vertex -119.66196591145095 105.0 9.750864884467132
   vertex -119.66196591145095 -2.0 9.750864884467132
  endloop
 endfacet
 facet normal 0.007884986967533637 0.0 -0.9999689130070604
  outer loop
   vertex -119.66196591145095 -2.0 9.750864884467132
   vertex -119.66196591145095 105.0 9.750864884467132
   vertex -119.26978392778938 105.0 9.753957330432051
  endloop
 endfacet
 facet normal 0.007884986967533637 0.0 -0.9999689130070604
  outer loop
   vertex -119.66196591145095 -2.0 9.750864884467132
   vertex -119.26978392778938 105.0 9.753957330432051
   vertex -119.26978392778938 -2.0 9.753957330432051
  endloop
 endfacet
 facet normal 0.013518181374310963 0.0 -0.9999086252114896
  outer loop
   vertex -119.26978392778938 -2.0 9.753957330432051
   vertex -119.26978392778938 105.0 9.753957330432051
   vertex -118.87811070080049 105.0 9.759252524001141
  endloop
 endfacet
 facet normal 0.013518181374310963 0.0 -0.9999086252114896
  outer loop
   vertex -119.26978392778938 -2.0 9.753957330432051
   vertex -118.87811070080049 105.0 9.759252524001141
   vertex -118.87811070080049 -2.0 9.759252524001141
  endloop
 endfacet
 facet normal 0.019102068624862408 0.0 -0.9998175388410884
  outer loop
   vertex -118.87811070080049 -2.0 9.759252524001141
   vertex -118.87811070080049 105.0 9.759252524001141
   vertex -118.48696705745027 105.0 9.766725540253802
  endloop
 endfacet
 facet normal 0.019102068624862408 0.0 -0.9998175388410884
  outer loop
   vertex -118.87811070080049 -2.0 9.759252524001141
   vertex -118.48696705745027 105.0 9.766725540253802
   vertex -118.48696705745027 -2.0 9.766725540253802
  endloop
 endfacet
 facet normal 0.024636587380662957 0.0 -0.9996964732168635
  outer loop
   vertex -118.48696705745027 -2.0 9.766725540253802
   vertex -118.48696705745027 105.0 9.766725540253802
   vertex -118.0963737308276 105.0 9.776351348566077
  endloop
 endfacet
 facet normal 0.024636587380662957 0.0 -0.9996964732168635
  outer loop
   vertex -118.48696705745027 -2.0 9.766725540253802
   vertex -118.0963737308276 105.0 9.776351348566077
   vertex -118.0963737308276 -2.0 9.776351348566077
  endloop
 endfacet
 facet normal 0.03012169782976532 0.0 -0.9995462387102722
  outer loop
   vertex -118.0963737308276 -2.0 9.776351348566077
   vertex -118.0963737308276 105.0 9.776351348566077
   vertex -117.70635135732279 105.0 9.788104817917048
  endloop
 endfacet
 facet normal 0.03012169782976532 0.0 -0.9995462387102722
  outer loop
   vertex -118.0963737308276 -2.0 9.776351348566077
   vertex -117.70635135732279 105.0 9.788104817917048
   vertex -117.70635135732279 -2.0 9.788104817917048
  endloop
 endfacet
 facet normal 0.035557380981364226 0.0 -0.9993676363870035
  outer loop
   vertex -117.70635135732279 -2.0 9.788104817917048
   vertex -117.70635135732279 105.0 9.788104817917048
   vertex -117.3169204738335 105.0 9.801960722176865
  endloop
 endfacet
 facet normal 0.035557380981364226 0.0 -0.9993676363870035
  outer loop
   vertex -117.70635135732279 -2.0 9.788104817917048
   vertex -117.3169204738335 105.0 9.801960722176865
   vertex -117.3169204738335 -2.0 9.801960722176865
  endloop
 endfacet
 facet normal 0.040943637964310504 0.0 -0.9991614576785113
  outer loop
   vertex -117.3169204738335 -2.0 9.801960722176865
   vertex -117.3169204738335 105.0 9.801960722176865
   vertex -116.92810151499845 105.0 9.81789374537533
  endloop
 endfacet
 facet normal 0.040943637964310504 0.0 -0.9991614576785113
  outer loop
   vertex -117.3169204738335 -2.0 9.801960722176865
   vertex -116.92810151499845 105.0 9.81789374537533
   vertex -116.92810151499845 -2.0 9.81789374537533
  endloop
 endfacet
 facet normal 0.046279515333737864 0.0 -0.9989285292054054
  outer loop
   vertex -116.92810151499845 -2.0 9.81789374537533
   vertex -116.92810151499845 105.0 9.81789374537533
   vertex -116.5399147018221 105.0 9.835878112672397
  endloop
 endfacet
 facet normal 0.046279515333737864 0.0 -0.9989285292054054
  outer loop
   vertex -116.92810151499845 -2.0 9.81789374537533
   vertex -116.5399147018221 105.0 9.835878112672397
   vertex -116.5399147018221 -2.0 9.835878112672397
  endloop
 endfacet
 facet normal 0.05155750912457771 0.0 -0.998670027212627
  outer loop
   vertex -116.5399147018221 -2.0 9.835878112672397
   vertex -116.5399147018221 105.0 9.835878112672397
   vertex -116.15237930906729 105.0 9.855885080943809
  endloop
 endfacet
 facet normal 0.05155750912457771 0.0 -0.998670027212627
  outer loop
   vertex -116.5399147018221 -2.0 9.835878112672397
   vertex -116.15237930906729 105.0 9.855885080943809
   vertex -116.15237930906729 -2.0 9.855885080943809
  endloop
 endfacet
 facet normal 0.05677416818540561 0.0 -0.9983870461032911
  outer loop
   vertex -116.15237930906729 -2.0 9.855885080943809
   vertex -116.15237930906729 105.0 9.855885080943809
   vertex -115.76551411840894 105.0 9.877884514415268
  endloop
 endfacet
 facet normal 0.05677416818540561 0.0 -0.9983870461032911
  outer loop
   vertex -116.15237930906729 -2.0 9.855885080943809
   vertex -115.76551411840894 105.0 9.877884514415268
   vertex -115.76551411840894 -2.0 9.877884514415268
  endloop
 endfacet
 facet normal 0.06192957105915134 0.0 -0.9980805219161577
  outer loop
   vertex -115.76551411840894 -2.0 9.877884514415268
   vertex -115.76551411840894 105.0 9.877884514415268
   vertex -115.3793378081671 105.0 9.901846241672072
  endloop
 endfacet
 facet normal 0.06192957105915134 0.0 -0.9980805219161577
  outer loop
   vertex -115.76551411840894 -2.0 9.877884514415268
   vertex -115.3793378081671 105.0 9.901846241672072
   vertex -115.3793378081671 -2.0 9.901846241672072
  endloop
 endfacet
 facet normal 0.0670238387022613 0.0 -0.9977513743641816
  outer loop
   vertex -115.3793378081671 -2.0 9.901846241672072
   vertex -115.3793378081671 105.0 9.901846241672072
   vertex -114.99386895322637 105.0 9.927740069555552
  endloop
 endfacet
 facet normal 0.0670238387022613 0.0 -0.9977513743641816
  outer loop
   vertex -115.3793378081671 -2.0 9.901846241672072
   vertex -114.99386895322637 105.0 9.927740069555552
   vertex -114.99386895322637 -2.0 9.927740069555552
  endloop
 endfacet
 facet normal 0.07205711365170357 0.0 -0.9974005075054782
  outer loop
   vertex -114.99386895322637 -2.0 9.927740069555552
   vertex -114.99386895322637 105.0 9.927740069555552
   vertex -114.60912602276743 105.0 9.955535789387405
  endloop
 endfacet
 facet normal 0.07205711365170357 0.0 -0.9974005075054782
  outer loop
   vertex -114.99386895322637 -2.0 9.927740069555552
   vertex -114.60912602276743 105.0 9.955535789387405
   vertex -114.60912602276743 -2.0 9.955535789387405
  endloop
 endfacet
 facet normal 0.07702955906957142 0.0 -0.9970288095283643
  outer loop
   vertex -114.60912602276743 -2.0 9.955535789387405
   vertex -114.60912602276743 105.0 9.955535789387405
   vertex -114.22512737802629 105.0 9.985203183152802
  endloop
 endfacet
 facet normal 0.07702955906957142 0.0 -0.9970288095283643
  outer loop
   vertex -114.60912602276743 -2.0 9.955535789387405
   vertex -114.22512737802629 105.0 9.985203183152802
   vertex -114.22512737802629 -2.0 9.985203183152802
  endloop
 endfacet
 facet normal 0.08194135780493024 0.0 -0.9966371525691206
  outer loop
   vertex -114.22512737802629 -2.0 9.985203183152802
   vertex -114.22512737802629 105.0 9.985203183152802
   vertex -113.84189127008189 105.0 10.016712029641106
  endloop
 endfacet
 facet normal 0.08194135780493024 0.0 -0.9966371525691206
  outer loop
   vertex -114.22512737802629 -2.0 9.985203183152802
   vertex -113.84189127008189 105.0 10.016712029641106
   vertex -113.84189127008189 -2.0 10.016712029641106
  endloop
 endfacet
 facet normal 0.0867927114735065 0.0 -0.9962263925609864
  outer loop
   vertex -113.84189127008189 -2.0 10.016712029641106
   vertex -113.84189127008189 105.0 10.016712029641106
   vertex -113.4594358376723 105.0 10.050032110542865
  endloop
 endfacet
 facet normal 0.0867927114735065 0.0 -0.9962263925609864
  outer loop
   vertex -113.84189127008189 -2.0 10.016712029641106
   vertex -113.4594358376723 105.0 10.050032110542865
   vertex -113.4594358376723 -2.0 10.050032110542865
  endloop
 endfacet
 facet normal 0.09158383917962913 0.0 -0.9957973691475189
  outer loop
   vertex -113.4594358376723 -2.0 10.050032110542865
   vertex -113.4594358376723 105.0 10.050032110542865
   vertex -113.07777910496533 105.0 10.0851332163632
  endloop
 endfacet
 facet normal 0.09158383917962913 0.0 -0.9957973691475189
  outer loop
   vertex -113.4594358376723 -2.0 10.050032110542865
   vertex -113.07777910496533 105.0 10.0851332163632
   vertex -113.07777910496533 -2.0 10.0851332163632
  endloop
 endfacet
 facet normal 0.096310116675939 0.0 -0.9953513758597347
  outer loop
   vertex -113.07777910496533 -2.0 10.0851332163632
   vertex -113.07777910496533 105.0 10.0851332163632
   vertex -112.69693801482151 105.0 10.121983368697657
  endloop
 endfacet
 facet normal 0.096310116675939 0.0 -0.9953513758597347
  outer loop
   vertex -113.07777910496533 -2.0 10.0851332163632
   vertex -112.69693801482151 105.0 10.121983368697657
   vertex -112.69693801482151 -2.0 10.121983368697657
  endloop
 endfacet
 facet normal 0.10095477271055588 0.0 -0.9948910160751077
  outer loop
   vertex -112.69693801482151 -2.0 10.121983368697657
   vertex -112.69693801482151 105.0 10.121983368697657
   vertex -112.31692603289676 105.0 10.160544399647408
  endloop
 endfacet
 facet normal 0.10095477271055588 0.0 -0.9948910160751077
  outer loop
   vertex -112.69693801482151 -2.0 10.121983368697657
   vertex -112.31692603289676 105.0 10.160544399647408
   vertex -112.31692603289676 -2.0 10.160544399647408
  endloop
 endfacet
 facet normal 0.10551437046859405 0.0 -0.9944177782122645
  outer loop
   vertex -112.31692603289676 -2.0 10.160544399647408
   vertex -112.31692603289676 105.0 10.160544399647408
   vertex -111.93775581461759 105.0 10.200776893231836
  endloop
 endfacet
 facet normal 0.10551437046859405 0.0 -0.9944177782122645
  outer loop
   vertex -112.31692603289676 -2.0 10.160544399647408
   vertex -111.93775581461759 105.0 10.200776893231836
   vertex -111.93775581461759 -2.0 10.200776893231836
  endloop
 endfacet
 facet normal 0.10998922906102195 0.0 -0.9939327791609259
  outer loop
   vertex -111.93775581461759 -2.0 10.200776893231836
   vertex -111.93775581461759 105.0 10.200776893231836
   vertex -111.5594399466487 105.0 10.242641566106975
  endloop
 endfacet
 facet normal 0.10998922906102195 0.0 -0.9939327791609259
  outer loop
   vertex -111.93775581461759 -2.0 10.200776893231836
   vertex -111.5594399466487 105.0 10.242641566106975
   vertex -111.5594399466487 -2.0 10.242641566106975
  endloop
 endfacet
 facet normal 0.11437969369663896 0.0 -0.9934371070530148
  outer loop
   vertex -111.5594399466487 -2.0 10.242641566106975
   vertex -111.5594399466487 105.0 10.242641566106975
   vertex -111.18199094602852 105.0 10.286099275478339
  endloop
 endfacet
 facet normal 0.11437969369663896 0.0 -0.9934371070530148
  outer loop
   vertex -111.5594399466487 -2.0 10.242641566106975
   vertex -111.18199094602852 105.0 10.286099275478339
   vertex -111.18199094602852 -2.0 10.286099275478339
  endloop
 endfacet
 facet normal 0.11868613412074794 0.0 -0.9929318212080183
  outer loop
   vertex -111.18199094602852 -2.0 10.286099275478339
   vertex -111.18199094602852 105.0 10.286099275478339
   vertex -110.80542125931842 105.0 10.331111026928008
  endloop
 endfacet
 facet normal 0.11868613412074794 0.0 -0.9929318212080183
  outer loop
   vertex -111.18199094602852 -2.0 10.286099275478339
   vertex -110.80542125931842 105.0 10.331111026928008
   vertex -110.80542125931842 -2.0 10.331111026928008
  endloop
 endfacet
 facet normal 0.1229089430983621 0.0 -0.9924179521282572
  outer loop
   vertex -110.80542125931842 -2.0 10.331111026928008
   vertex -110.80542125931842 105.0 10.331111026928008
   vertex -110.42974326176551 105.0 10.377637982154399
  endloop
 endfacet
 facet normal 0.1229089430983621 0.0 -0.9924179521282572
  outer loop
   vertex -110.80542125931842 -2.0 10.331111026928008
   vertex -110.42974326176551 105.0 10.377637982154399
   vertex -110.42974326176551 -2.0 10.377637982154399
  endloop
 endfacet
 facet normal 0.1270485349428945 0.0 -0.991896501540793
  outer loop
   vertex -110.42974326176551 -2.0 10.377637982154399
   vertex -110.42974326176551 105.0 10.377637982154399
   vertex -110.0549692564794 105.0 10.425641466623109
  endloop
 endfacet
 facet normal 0.1270485349428945 0.0 -0.991896501540793
  outer loop
   vertex -110.42974326176551 -2.0 10.377637982154399
   vertex -110.0549692564794 105.0 10.425641466623109
   vertex -110.0549692564794 -2.0 10.425641466623109
  endloop
 endfacet
 facet normal 0.13110534409119348 0.0 -0.9913684424827783
  outer loop
   vertex -110.0549692564794 -2.0 10.425641466623109
   vertex -110.0549692564794 105.0 10.425641466623109
   vertex -109.68111147362279 105.0 10.47508297712735
  endloop
 endfacet
 facet normal 0.13110534409119348 0.0 -0.9913684424827783
  outer loop
   vertex -110.0549692564794 -2.0 10.425641466623109
   vertex -109.68111147362279 105.0 10.47508297712735
   vertex -109.68111147362279 -2.0 10.47508297712735
  endloop
 endfacet
 facet normal 0.13507982372544397 0.0 -0.9908347194271621
  outer loop
   vertex -109.68111147362279 -2.0 10.47508297712735
   vertex -109.68111147362279 105.0 10.47508297712735
   vertex -109.30818206961624 105.0 10.525924189256417
  endloop
 endfacet
 facet normal 0.13507982372544397 0.0 -0.9908347194271621
  outer loop
   vertex -109.68111147362279 -2.0 10.47508297712735
   vertex -109.30818206961624 105.0 10.525924189256417
   vertex -109.30818206961624 -2.0 10.525924189256417
  endloop
 endfacet
 facet normal 0.13897244444242632 0.0 -0.990296248445735
  outer loop
   vertex -109.30818206961624 -2.0 10.525924189256417
   vertex -109.30818206961624 105.0 10.525924189256417
   vertex -108.93619312635732 105.0 10.578126964770696
  endloop
 endfacet
 facet normal 0.13897244444242632 0.0 -0.990296248445735
  outer loop
   vertex -109.30818206961624 -2.0 10.525924189256417
   vertex -108.93619312635732 105.0 10.578126964770696
   vertex -108.93619312635732 -2.0 10.578126964770696
  endloop
 endfacet
 facet normal 0.14278369297023946 0.0 -0.9897539174066353
  outer loop
   vertex -108.93619312635732 -2.0 10.578126964770696
   vertex -108.93619312635732 105.0 10.578126964770696
   vertex -108.565156650454 105.0 10.631653358881824
  endloop
 endfacet
 facet normal 0.14278369297023946 0.0 -0.9897539174066353
  outer loop
   vertex -108.93619312635732 -2.0 10.578126964770696
   vertex -108.565156650454 105.0 10.631653358881824
   vertex -108.565156650454 -2.0 10.631653358881824
  endloop
 endfacet
 facet normal 0.1465140709326355 0.0 -0.9892085862035098
  outer loop
   vertex -108.565156650454 -2.0 10.631653358881824
   vertex -108.565156650454 105.0 10.631653358881824
   vertex -108.19508457247247 105.0 10.686465627436496
  endloop
 endfacet
 facet normal 0.1465140709326355 0.0 -0.9892085862035098
  outer loop
   vertex -108.565156650454 -2.0 10.631653358881824
   vertex -108.19508457247247 105.0 10.686465627436496
   vertex -108.19508457247247 -2.0 10.686465627436496
  endloop
 endfacet
 facet normal 0.15016409366088246 0.0 -0.9886610870136469
  outer loop
   vertex -108.19508457247247 -2.0 10.686465627436496
   vertex -108.19508457247247 105.0 10.686465627436496
   vertex -107.82598874619984 105.0 10.742526234002554
  endloop
 endfacet
 facet normal 0.15016409366088246 0.0 -0.9886610870136469
  outer loop
   vertex -108.19508457247247 -2.0 10.686465627436496
   vertex -107.82598874619984 105.0 10.742526234002554
   vertex -107.82598874619984 -2.0 10.742526234002554
  endloop
 endfacet
 facet normal 0.15373428905292208 0.0 -0.9881122245825079
  outer loop
   vertex -107.82598874619984 -2.0 10.742526234002554
   vertex -107.82598874619984 105.0 10.742526234002554
   vertex -107.45788094792138 105.0 10.799797856856006
  endloop
 endfacet
 facet normal 0.15373428905292208 0.0 -0.9881122245825079
  outer loop
   vertex -107.82598874619984 -2.0 10.742526234002554
   vertex -107.45788094792138 105.0 10.799797856856006
   vertex -107.45788094792138 -2.0 10.799797856856006
  endloop
 endfacet
 facet normal 0.15722519647947358 0.0 -0.9875627765322015
  outer loop
   vertex -107.45788094792138 -2.0 10.799797856856006
   vertex -107.45788094792138 105.0 10.799797856856006
   vertex -107.09077287571276 105.0 10.858243395867591
  endloop
 endfacet
 facet normal 0.15722519647947358 0.0 -0.9875627765322015
  outer loop
   vertex -107.45788094792138 -2.0 10.799797856856006
   vertex -107.09077287571276 105.0 10.858243395867591
   vertex -107.09077287571276 -2.0 10.858243395867591
  endloop
 endfacet
 facet normal 0.160637365736668 0.0 -0.9870134936915421
  outer loop
   vertex -107.09077287571276 -2.0 10.858243395867591
   vertex -107.09077287571276 105.0 10.858243395867591
   vertex -106.72467614874716 105.0 10.917825979287619
  endloop
 endfacet
 facet normal 0.160637365736668 0.0 -0.9870134936915421
  outer loop
   vertex -107.09077287571276 -2.0 10.858243395867591
   vertex -106.72467614874716 105.0 10.917825979287619
   vertex -106.72467614874716 -2.0 10.917825979287619
  endloop
 endfacet
 facet normal 0.16397135604464172 0.0 -0.986465100445465
  outer loop
   vertex -106.72467614874716 -2.0 10.917825979287619
   vertex -106.72467614874716 105.0 10.917825979287619
   vertex -106.35960230661753 105.0 10.978508970427793
  endloop
 endfacet
 facet normal 0.16397135604464172 0.0 -0.986465100445465
  outer loop
   vertex -106.72467614874716 -2.0 10.917825979287619
   vertex -106.35960230661753 105.0 10.978508970427793
   vertex -106.35960230661753 -2.0 10.978508970427793
  endloop
 endfacet
 facet normal 0.16722773509153274 0.0 -0.9859182951016561
  outer loop
   vertex -106.35960230661753 -2.0 10.978508970427793
   vertex -106.35960230661753 105.0 10.978508970427793
   vertex -105.9955628086741 105.0 11.040255974238756
  endloop
 endfacet
 facet normal 0.16722773509153274 0.0 -0.9859182951016561
  outer loop
   vertex -106.35960230661753 -2.0 10.978508970427793
   vertex -105.9955628086741 105.0 11.040255974238756
   vertex -105.9955628086741 -2.0 11.040255974238756
  endloop
 endfacet
 facet normal 0.1704070788874172 0.0 -0.9853737501400458
  outer loop
   vertex -105.9955628086741 -2.0 11.040255974238756
   vertex -105.9955628086741 105.0 11.040255974238756
   vertex -105.63256903279421 105.0 11.10303084417335
  endloop
 endfacet
 facet normal 0.1704070788874172 0.0 -0.9853737501400458
  outer loop
   vertex -105.9955628086741 -2.0 11.040255974238756
   vertex -105.63256903279421 105.0 11.10303084417335
   vertex -105.63256903279421 -2.0 11.10303084417335
  endloop
 endfacet
 facet normal 0.17351151796385042 0.0 -0.9848318400284795
  outer loop
   vertex -105.63256903279421 -2.0 11.10303084417335
   vertex -105.63256903279421 105.0 11.10303084417335
   vertex -105.2706310900864 105.0 11.166798483779854
  endloop
 endfacet
 facet normal 0.17351151796385042 0.0 -0.9848318400284795
  outer loop
   vertex -105.63256903279421 -2.0 11.10303084417335
   vertex -105.2706310900864 105.0 11.166798483779854
   vertex -105.2706310900864 -2.0 11.166798483779854
  endloop
 endfacet
 facet normal 0.1765463544360193 0.0 -0.9842923268700978
  outer loop
   vertex -105.2706310900864 -2.0 11.166798483779854
   vertex -105.2706310900864 105.0 11.166798483779854
   vertex -104.9097553645122 105.0 11.231526504120286
  endloop
 endfacet
 facet normal 0.1765463544360193 0.0 -0.9842923268700978
  outer loop
   vertex -105.2706310900864 -2.0 11.166798483779854
   vertex -104.9097553645122 105.0 11.231526504120286
   vertex -104.9097553645122 -2.0 11.231526504120286
  endloop
 endfacet
 facet normal 0.17951291084108212 0.0 -0.9837556174382751
  outer loop
   vertex -104.9097553645122 -2.0 11.231526504120286
   vertex -104.9097553645122 105.0 11.231526504120286
   vertex -104.54994752132953 105.0 11.297183210042196
  endloop
 endfacet
 facet normal 0.17951291084108212 0.0 -0.9837556174382751
  outer loop
   vertex -104.9097553645122 -2.0 11.231526504120286
   vertex -104.54994752132953 105.0 11.297183210042196
   vertex -104.54994752132953 -2.0 11.297183210042196
  endloop
 endfacet
 facet normal 0.182411582963448 0.0 -0.9832222609363406
  outer loop
   vertex -104.54994752132953 -2.0 11.297183210042196
   vertex -104.54994752132953 105.0 11.297183210042196
   vertex -104.19121322252136 105.0 11.363737125579629
  endloop
 endfacet
 facet normal 0.182411582963448 0.0 -0.9832222609363406
  outer loop
   vertex -104.54994752132953 -2.0 11.297183210042196
   vertex -104.19121322252136 105.0 11.363737125579629
   vertex -104.19121322252136 -2.0 11.363737125579629
  endloop
 endfacet
 facet normal 0.18524277820055396 0.0 -0.9826927867469775
  outer loop
   vertex -104.19121322252136 -2.0 11.363737125579629
   vertex -104.19121322252136 105.0 11.363737125579629
   vertex -103.83355812724575 105.0 11.43115699919624
  endloop
 endfacet
 facet normal 0.18524277820055396 0.0 -0.9826927867469775
  outer loop
   vertex -104.19121322252136 -2.0 11.363737125579629
   vertex -103.83355812724575 105.0 11.43115699919624
   vertex -103.83355812724575 -2.0 11.43115699919624
  endloop
 endfacet
 facet normal 0.18800691486137977 0.0 -0.9821677046025826
  outer loop
   vertex -103.83355812724575 -2.0 11.43115699919624
   vertex -103.83355812724575 105.0 11.43115699919624
   vertex -103.4769878922753 105.0 11.499411808933969
  endloop
 endfacet
 facet normal 0.18800691486137977 0.0 -0.9821677046025826
  outer loop
   vertex -103.83355812724575 -2.0 11.43115699919624
   vertex -103.4769878922753 105.0 11.499411808933969
   vertex -103.4769878922753 -2.0 11.499411808933969
  endloop
 endfacet
 facet normal 0.19070442149045944 0.0 -0.9816475047714374
  outer loop
   vertex -103.4769878922753 -2.0 11.499411808933969
   vertex -103.4769878922753 105.0 11.499411808933969
   vertex -103.12150817242605 105.0 11.568470767466367
  endloop
 endfacet
 facet normal 0.19070442149045944 0.0 -0.9816475047714374
  outer loop
   vertex -103.4769878922753 -2.0 11.499411808933969
   vertex -103.12150817242605 105.0 11.568470767466367
   vertex -103.12150817242605 -2.0 11.568470767466367
  endloop
 endfacet
 facet normal 0.19333573621707245 0.0 -0.9811326582585062
  outer loop
   vertex -103.12150817242605 -2.0 11.568470767466367
   vertex -103.12150817242605 105.0 11.568470767466367
   vertex -102.76712462097558 105.0 11.63830332705572
  endloop
 endfacet
 facet normal 0.19333573621707245 0.0 -0.9811326582585062
  outer loop
   vertex -103.12150817242605 -2.0 11.568470767466367
   vertex -102.76712462097558 105.0 11.63830332705572
   vertex -102.76712462097558 -2.0 11.63830332705572
  endloop
 endfacet
 facet normal 0.1959013061298256 0.0 -0.9806236170196128
  outer loop
   vertex -102.76712462097558 -2.0 11.63830332705572
   vertex -102.76712462097558 105.0 11.63830332705572
   vertex -102.41384289007033 105.0 11.708879184413192
  endloop
 endfacet
 facet normal 0.1959013061298256 0.0 -0.9806236170196128
  outer loop
   vertex -102.76712462097558 -2.0 11.63830332705572
   vertex -102.41384289007033 105.0 11.708879184413192
   vertex -102.41384289007033 -2.0 11.708879184413192
  endloop
 endfacet
 facet normal 0.1984015866760542 0.0 -0.9801208141879368
  outer loop
   vertex -102.41384289007033 -2.0 11.708879184413192
   vertex -102.41384289007033 105.0 11.708879184413192
   vertex -102.06166863112199 105.0 11.780168285461112
  endloop
 endfacet
 facet normal 0.1984015866760542 0.0 -0.9801208141879368
  outer loop
   vertex -102.41384289007033 -2.0 11.708879184413192
   vertex -102.06166863112199 105.0 11.780168285461112
   vertex -102.06166863112199 -2.0 11.780168285461112
  endloop
 endfacet
 facet normal 0.2008370410862872 0.0 -0.979624664311646
  outer loop
   vertex -102.06166863112199 -2.0 11.780168285461112
   vertex -102.06166863112199 105.0 11.780168285461112
   vertex -101.7106074951929 105.0 11.85214082999676
  endloop
 endfacet
 facet normal 0.2008370410862872 0.0 -0.979624664311646
  outer loop
   vertex -102.06166863112199 -2.0 11.780168285461112
   vertex -101.7106074951929 105.0 11.85214082999676
   vertex -101.7106074951929 -2.0 11.85214082999676
  endloop
 endfacet
 facet normal 0.2032081398228973 0.0 -0.9791355636017507
  outer loop
   vertex -101.7106074951929 -2.0 11.85214082999676
   vertex -101.7106074951929 105.0 11.85214082999676
   vertex -101.36066513337025 105.0 11.924767276256796
  endloop
 endfacet
 facet normal 0.2032081398228973 0.0 -0.9791355636017507
  outer loop
   vertex -101.7106074951929 -2.0 11.85214082999676
   vertex -101.36066513337025 105.0 11.924767276256796
   vertex -101.36066513337025 -2.0 11.924767276256796
  endloop
 endfacet
 facet normal 0.20551536005318 0.0 -0.9786538901890759
  outer loop
   vertex -101.36066513337025 -2.0 11.924767276256796
   vertex -101.36066513337025 105.0 11.924767276256796
   vertex -101.01184719712906 105.0 11.99801834538172
  endloop
 endfacet
 facet normal 0.20551536005318 0.0 -0.9786538901890759
  outer loop
   vertex -101.36066513337025 -2.0 11.924767276256796
   vertex -101.01184719712906 105.0 11.99801834538172
   vertex -101.01184719712906 -2.0 11.99801834538172
  endloop
 endfacet
 facet normal 0.2077591851463108 0.0 -0.9781800043894482
  outer loop
   vertex -101.01184719712906 -2.0 11.99801834538172
   vertex -101.01184719712906 105.0 11.99801834538172
   vertex -100.66415933868409 105.0 12.07186502577965
  endloop
 endfacet
 facet normal 0.2077591851463108 0.0 -0.9781800043894482
  outer loop
   vertex -101.01184719712906 -2.0 11.99801834538172
   vertex -100.66415933868409 105.0 12.07186502577965
   vertex -100.66415933868409 -2.0 12.07186502577965
  endloop
 endfacet
 facet normal 0.20994010419331952 0.0 -0.977714248976304
  outer loop
   vertex -100.66415933868409 -2.0 12.07186502577965
   vertex -100.66415933868409 105.0 12.07186502577965
   vertex -100.31760721133003 105.0 12.146278577388726
  endloop
 endfacet
 facet normal 0.20994010419331952 0.0 -0.977714248976304
  outer loop
   vertex -100.66415933868409 -2.0 12.07186502577965
   vertex -100.31760721133003 105.0 12.146278577388726
   vertex -100.31760721133003 -2.0 12.146278577388726
  endloop
 endfacet
 facet normal 0.21205861155069555 0.0 -0.9772569494596552
  outer loop
   vertex -100.31760721133003 -2.0 12.146278577388726
   vertex -100.31760721133003 105.0 12.146278577388726
   vertex -99.97219646977054 105.0 12.221230535837629
  endloop
 endfacet
 facet normal 0.21205861155069555 0.0 -0.9772569494596552
  outer loop
   vertex -100.31760721133003 -2.0 12.146278577388726
   vertex -99.97219646977054 105.0 12.221230535837629
   vertex -99.97219646977054 -2.0 12.221230535837629
  endloop
 endfacet
 facet normal 0.21411520640593956 0.0 -0.9768084143708745
  outer loop
   vertex -99.97219646977054 -2.0 12.221230535837629
   vertex -99.97219646977054 105.0 12.221230535837629
   vertex -99.62793277043559 105.0 12.296692716503475
  endloop
 endfacet
 facet normal 0.21411520640593956 0.0 -0.9768084143708745
  outer loop
   vertex -99.97219646977054 -2.0 12.221230535837629
   vertex -99.62793277043559 105.0 12.296692716503475
   vertex -99.62793277043559 -2.0 12.296692716503475
  endloop
 endfacet
 facet normal 0.2161103923656029 0.0 -0.9763689355523275
  outer loop
   vertex -99.62793277043559 -2.0 12.296692716503475
   vertex -99.62793277043559 105.0 12.296692716503475
   vertex -99.28482177178725 105.0 12.37263721846666
  endloop
 endfacet
 facet normal 0.2161103923656029 0.0 -0.9763689355523275
  outer loop
   vertex -99.62793277043559 -2.0 12.296692716503475
   vertex -99.28482177178725 105.0 12.37263721846666
   vertex -99.28482177178725 -2.0 12.37263721846666
  endloop
 endfacet
 facet normal 0.21804467706476757 0.0 -0.975938788451264
  outer loop
   vertex -99.28482177178725 -2.0 12.37263721846666
   vertex -99.28482177178725 105.0 12.37263721846666
   vertex -98.94286913461374 105.0 12.449036428362053
  endloop
 endfacet
 facet normal 0.21804467706476757 0.0 -0.975938788451264
  outer loop
   vertex -99.28482177178725 -2.0 12.37263721846666
   vertex -98.94286913461374 105.0 12.449036428362053
   vertex -98.94286913461374 -2.0 12.449036428362053
  endloop
 endfacet
 facet normal 0.21991857179755228 0.0 -0.975518232417275
  outer loop
   vertex -98.94286913461374 -2.0 12.449036428362053
   vertex -98.94286913461374 105.0 12.449036428362053
   vertex -98.6020805223119 105.0 12.52586302412601
  endloop
 endfacet
 facet normal 0.21991857179755228 0.0 -0.975518232417275
  outer loop
   vertex -98.94286913461374 -2.0 12.449036428362053
   vertex -98.6020805223119 105.0 12.52586302412601
   vertex -98.6020805223119 -2.0 12.52586302412601
  endloop
 endfacet
 facet normal 0.2217326043970096 0.0 -0.9751075079945387
  outer loop
   vertex -98.6020805223119 -2.0 12.52586302412601
   vertex -98.6020805223119 105.0 12.52586302412601
   vertex -98.26246160205704 105.0 12.603089983279965
  endloop
 endfacet
 facet normal 0.2217326043970096 0.0 -0.9751075079945387
  outer loop
   vertex -98.6020805223119 -2.0 12.52586302412601
   vertex -98.26246160205704 105.0 12.603089983279965
   vertex -98.26246160205704 -2.0 12.603089983279965
  endloop
 endfacet
 facet normal 0.22350035272868227 0.0 -0.9747038485253634
  outer loop
   vertex -98.26246160205704 -2.0 12.603089983279965
   vertex -98.26246160205704 105.0 12.603089983279965
   vertex -97.92401892977192 105.0 12.680695152017734
  endloop
 endfacet
 facet normal 0.22350035272868227 0.0 -0.9747038485253634
  outer loop
   vertex -98.26246160205704 -2.0 12.603089983279965
   vertex -97.92401892977192 105.0 12.680695152017734
   vertex -97.92401892977192 -2.0 12.680695152017734
  endloop
 endfacet
 facet normal 0.22525966070703848 0.0 -0.9742987659122586
  outer loop
   vertex -97.92401892977192 -2.0 12.680695152017734
   vertex -97.92401892977192 105.0 12.680695152017734
   vertex -97.58676158207629 105.0 12.758669669045618
  endloop
 endfacet
 facet normal 0.22525966070703848 0.0 -0.9742987659122586
  outer loop
   vertex -97.92401892977192 -2.0 12.680695152017734
   vertex -97.58676158207629 105.0 12.758669669045618
   vertex -97.58676158207629 -2.0 12.758669669045618
  endloop
 endfacet
 facet normal 0.22701718799776602 0.0 -0.9738907517548294
  outer loop
   vertex -97.58676158207629 -2.0 12.758669669045618
   vertex -97.58676158207629 105.0 12.758669669045618
   vertex -97.25069902587154 105.0 12.837006973680122
  endloop
 endfacet
 facet normal 0.22701718799776602 0.0 -0.9738907517548294
  outer loop
   vertex -97.58676158207629 -2.0 12.758669669045618
   vertex -97.25069902587154 105.0 12.837006973680122
   vertex -97.25069902587154 -2.0 12.837006973680122
  endloop
 endfacet
 facet normal 0.22877284722518745 0.0 -0.9734798325453288
  outer loop
   vertex -97.25069902587154 -2.0 12.837006973680122
   vertex -97.25069902587154 105.0 12.837006973680122
   vertex -96.91584065938761 105.0 12.915700439488656
  endloop
 endfacet
 facet normal 0.22877284722518745 0.0 -0.9734798325453288
  outer loop
   vertex -97.25069902587154 -2.0 12.837006973680122
   vertex -96.91584065938761 105.0 12.915700439488656
   vertex -96.91584065938761 -2.0 12.915700439488656
  endloop
 endfacet
 facet normal 0.23052655077012055 0.0 -0.9730660354724293
  outer loop
   vertex -96.91584065938761 -2.0 12.915700439488656
   vertex -96.91584065938761 105.0 12.915700439488656
   vertex -96.5821958119237 105.0 12.994743374977343
  endloop
 endfacet
 facet normal 0.23052655077012055 0.0 -0.9730660354724293
  outer loop
   vertex -96.91584065938761 -2.0 12.915700439488656
   vertex -96.5821958119237 105.0 12.994743374977343
   vertex -96.5821958119237 -2.0 12.994743374977343
  endloop
 endfacet
 facet normal 0.23227821078097013 0.0 -0.972649388421332
  outer loop
   vertex -96.5821958119237 -2.0 12.994743374977343
   vertex -96.5821958119237 105.0 12.994743374977343
   vertex -96.24977374360012 105.0 13.07412902429095
  endloop
 endfacet
 facet normal 0.23227821078097013 0.0 -0.972649388421332
  outer loop
   vertex -96.5821958119237 -2.0 12.994743374977343
   vertex -96.24977374360012 105.0 13.07412902429095
   vertex -96.24977374360012 -2.0 13.07412902429095
  endloop
 endfacet
 facet normal 0.23402773918460135 0.0 -0.9722299199737395
  outer loop
   vertex -96.24977374360012 -2.0 13.07412902429095
   vertex -96.24977374360012 105.0 13.07412902429095
   vertex -95.91858364512098 105.0 13.15385056792488
  endloop
 endfacet
 facet normal 0.23402773918460135 0.0 -0.9722299199737395
  outer loop
   vertex -96.24977374360012 -2.0 13.07412902429095
   vertex -95.91858364512098 105.0 13.15385056792488
   vertex -95.91858364512098 -2.0 13.15385056792488
  endloop
 endfacet
 facet normal 0.23577504769757196 0.0 -0.9718076594075639
  outer loop
   vertex -95.91858364512098 -2.0 13.15385056792488
   vertex -95.91858364512098 105.0 13.15385056792488
   vertex -95.58863463754795 105.0 13.23390112344913
  endloop
 endfacet
 facet normal 0.23577504769757196 0.0 -0.9718076594075639
  outer loop
   vertex -95.91858364512098 -2.0 13.15385056792488
   vertex -95.58863463754795 105.0 13.23390112344913
   vertex -95.58863463754795 -2.0 13.23390112344913
  endloop
 endfacet
 facet normal 0.23752004783721434 0.0 -0.971382636696481
  outer loop
   vertex -95.58863463754795 -2.0 13.23390112344913
   vertex -95.58863463754795 105.0 13.23390112344913
   vertex -95.25993577208487 105.0 13.31427374624414
  endloop
 endfacet
 facet normal 0.23752004783721434 0.0 -0.971382636696481
  outer loop
   vertex -95.58863463754795 -2.0 13.23390112344913
   vertex -95.25993577208487 105.0 13.31427374624414
   vertex -95.25993577208487 -2.0 13.31427374624414
  endloop
 endfacet
 facet normal 0.23926265093297894 0.0 -0.9709548825092357
  outer loop
   vertex -95.25993577208487 -2.0 13.31427374624414
   vertex -95.25993577208487 105.0 13.31427374624414
   vertex -94.93249602987333 105.0 13.394961430248447
  endloop
 endfacet
 facet normal 0.23926265093297894 0.0 -0.9709548825092357
  outer loop
   vertex -95.25993577208487 -2.0 13.31427374624414
   vertex -94.93249602987333 105.0 13.394961430248447
   vertex -94.93249602987333 -2.0 13.394961430248447
  endloop
 endfacet
 facet normal 0.2410027681378425 0.0 -0.9705244282087376
  outer loop
   vertex -94.93249602987333 -2.0 13.394961430248447
   vertex -94.93249602987333 105.0 13.394961430248447
   vertex -94.60632432179939 105.0 13.475957108718028
  endloop
 endfacet
 facet normal 0.2410027681378425 0.0 -0.9705244282087376
  outer loop
   vertex -94.93249602987333 -2.0 13.394961430248447
   vertex -94.60632432179939 105.0 13.475957108718028
   vertex -94.60632432179939 -2.0 13.475957108718028
  endloop
 endfacet
 facet normal 0.24274031043959732 0.0 -0.9700913058509946
  outer loop
   vertex -94.60632432179939 -2.0 13.475957108718028
   vertex -94.60632432179939 105.0 13.475957108718028
   vertex -94.28142948831083 105.0 13.557253654997298
  endloop
 endfacet
 facet normal 0.24274031043959732 0.0 -0.9700913058509946
  outer loop
   vertex -94.60632432179939 -2.0 13.475957108718028
   vertex -94.28142948831083 105.0 13.557253654997298
   vertex -94.28142948831083 -2.0 13.557253654997298
  endloop
 endfacet
 facet normal 0.2444751886724813 0.0 -0.9696555481837635
  outer loop
   vertex -94.28142948831083 -2.0 13.557253654997298
   vertex -94.28142948831083 105.0 13.557253654997298
   vertex -93.95782029924581 105.0 13.638843883301574
  endloop
 endfacet
 facet normal 0.2444751886724813 0.0 -0.9696555481837635
  outer loop
   vertex -94.28142948831083 -2.0 13.557253654997298
   vertex -93.95782029924581 105.0 13.638843883301574
   vertex -93.95782029924581 -2.0 13.638843883301574
  endloop
 endfacet
 facet normal 0.2462073135287279 0.0 -0.9692171886450253
  outer loop
   vertex -93.95782029924581 -2.0 13.638843883301574
   vertex -93.95782029924581 105.0 13.638843883301574
   vertex -93.63550545367211 105.0 13.720720549511
  endloop
 endfacet
 facet normal 0.2462073135287279 0.0 -0.9692171886450253
  outer loop
   vertex -93.95782029924581 -2.0 13.638843883301574
   vertex -93.63550545367211 105.0 13.720720549511
   vertex -93.63550545367211 -2.0 13.720720549511
  endloop
 endfacet
 facet normal 0.24793659557004155 0.0 -0.9687762613612793
  outer loop
   vertex -93.63550545367211 -2.0 13.720720549511
   vertex -93.63550545367211 105.0 13.720720549511
   vertex -93.31449357973722 105.0 13.802876351975792
  endloop
 endfacet
 facet normal 0.24793659557004155 0.0 -0.9687762613612793
  outer loop
   vertex -93.63550545367211 -2.0 13.720720549511
   vertex -93.31449357973722 105.0 13.802876351975792
   vertex -93.31449357973722 -2.0 13.802876351975792
  endloop
 endfacet
 facet normal 0.24966294523950494 0.0 -0.9683328011455236
  outer loop
   vertex -93.31449357973722 -2.0 13.802876351975792
   vertex -93.31449357973722 105.0 13.802876351975792
   vertex -92.99479323452952 105.0 13.885303932332686
  endloop
 endfacet
 facet normal 0.24966294523950494 0.0 -0.9683328011455236
  outer loop
   vertex -93.31449357973722 -2.0 13.802876351975792
   vertex -92.99479323452952 105.0 13.885303932332686
   vertex -92.99479323452952 -2.0 13.885303932332686
  endloop
 endfacet
 facet normal 0.2513862728731934 0.0 -0.9678868434951082
  outer loop
   vertex -92.99479323452952 -2.0 13.885303932332686
   vertex -92.99479323452952 105.0 13.885303932332686
   vertex -92.6764129039502 105.0 13.96799587633252
  endloop
 endfacet
 facet normal 0.2513862728731934 0.0 -0.9678868434951082
  outer loop
   vertex -92.99479323452952 -2.0 13.885303932332686
   vertex -92.6764129039502 105.0 13.96799587633252
   vertex -92.6764129039502 -2.0 13.96799587633252
  endloop
 endfacet
 facet normal 0.25310648871187613 0.0 -0.9674384245893611
  outer loop
   vertex -92.6764129039502 -2.0 13.96799587633252
   vertex -92.6764129039502 105.0 13.96799587633252
   vertex -92.3593610025958 105.0 14.05094471467879
  endloop
 endfacet
 facet normal 0.25310648871187613 0.0 -0.9674384245893611
  outer loop
   vertex -92.6764129039502 -2.0 13.96799587633252
   vertex -92.3593610025958 105.0 14.05094471467879
   vertex -92.3593610025958 -2.0 14.05094471467879
  endloop
 endfacet
 facet normal 0.254823502913016 0.0 -0.9669875812869264
  outer loop
   vertex -92.3593610025958 -2.0 14.05094471467879
   vertex -92.3593610025958 105.0 14.05094471467879
   vertex -92.04364587365183 105.0 14.134142923877164
  endloop
 endfacet
 facet normal 0.254823502913016 0.0 -0.9669875812869264
  outer loop
   vertex -92.3593610025958 -2.0 14.05094471467879
   vertex -92.04364587365183 105.0 14.134142923877164
   vertex -92.04364587365183 -2.0 14.134142923877164
  endloop
 endfacet
 facet normal 0.2565372255625391 0.0 -0.9665343511229567
  outer loop
   vertex -92.04364587365183 -2.0 14.134142923877164
   vertex -92.04364587365183 105.0 14.134142923877164
   vertex -91.72927578879697 105.0 14.2175829270957
  endloop
 endfacet
 facet normal 0.2565372255625391 0.0 -0.9665343511229567
  outer loop
   vertex -92.04364587365183 -2.0 14.134142923877164
   vertex -91.72927578879697 105.0 14.2175829270957
   vertex -91.72927578879697 -2.0 14.2175829270957
  endloop
 endfacet
 facet normal 0.25824756668666704 0.0 -0.9660787723060762
  outer loop
   vertex -91.72927578879697 -2.0 14.2175829270957
   vertex -91.72927578879697 105.0 14.2175829270957
   vertex -91.41625894811791 105.0 14.30125709503581
  endloop
 endfacet
 facet normal 0.25824756668666704 0.0 -0.9660787723060762
  outer loop
   vertex -91.72927578879697 -2.0 14.2175829270957
   vertex -91.41625894811791 105.0 14.30125709503581
   vertex -91.41625894811791 -2.0 14.30125709503581
  endloop
 endfacet
 facet normal 0.25995443626400927 0.0 -0.965620883715064
  outer loop
   vertex -91.41625894811791 -2.0 14.30125709503581
   vertex -91.41625894811791 105.0 14.30125709503581
   vertex -91.10460348003508 105.0 14.385157746813734
  endloop
 endfacet
 facet normal 0.25995443626400927 0.0 -0.965620883715064
  outer loop
   vertex -91.41625894811791 -2.0 14.30125709503581
   vertex -91.10460348003508 105.0 14.385157746813734
   vertex -91.10460348003508 -2.0 14.385157746813734
  endloop
 endfacet
 facet normal 0.261656936217894 0.0 -0.9651609439513521
  outer loop
   vertex -91.10460348003508 -2.0 14.385157746813734
   vertex -91.10460348003508 105.0 14.385157746813734
   vertex -90.7943173622935 105.0 14.469276893395467
  endloop
 endfacet
 facet normal 0.261656936217894 0.0 -0.9651609439513521
  outer loop
   vertex -91.10460348003508 -2.0 14.385157746813734
   vertex -90.7943173622935 105.0 14.469276893395467
   vertex -90.7943173622935 -2.0 14.469276893395467
  endloop
 endfacet
 facet normal 0.2633433019419508 0.0 -0.9647021847815576
  outer loop
   vertex -90.7943173622935 -2.0 14.469276893395467
   vertex -90.7943173622935 105.0 14.469276893395467
   vertex -90.48540736510736 105.0 14.55360279204604
  endloop
 endfacet
 facet normal 0.2633433019419508 0.0 -0.9647021847815576
  outer loop
   vertex -90.7943173622935 -2.0 14.469276893395467
   vertex -90.48540736510736 105.0 14.55360279204604
   vertex -90.48540736510736 -2.0 14.55360279204604
  endloop
 endfacet
 facet normal 0.2650048229185719 0.0 -0.9642470865031931
  outer loop
   vertex -90.48540736510736 -2.0 14.55360279204604
   vertex -90.48540736510736 105.0 14.55360279204604
   vertex -90.1778793636846 105.0 14.638120966588922
  endloop
 endfacet
 facet normal 0.2650048229185719 0.0 -0.9642470865031931
  outer loop
   vertex -90.48540736510736 -2.0 14.55360279204604
   vertex -90.1778793636846 105.0 14.638120966588922
   vertex -90.1778793636846 -2.0 14.638120966588922
  endloop
 endfacet
 facet normal 0.26664147644948055 0.0 -0.9637957890740345
  outer loop
   vertex -90.1778793636846 -2.0 14.638120966588922
   vertex -90.1778793636846 105.0 14.638120966588922
   vertex -89.8717391902397 105.0 14.722816987025237
  endloop
 endfacet
 facet normal 0.26664147644948055 0.0 -0.9637957890740345
  outer loop
   vertex -90.1778793636846 -2.0 14.638120966588922
   vertex -89.8717391902397 105.0 14.722816987025237
   vertex -89.8717391902397 -2.0 14.722816987025237
  endloop
 endfacet
 facet normal 0.2682534587895237 0.0 -0.9633483699303474
  outer loop
   vertex -89.8717391902397 -2.0 14.722816987025237
   vertex -89.8717391902397 105.0 14.722816987025237
   vertex -89.56699265530023 105.0 14.807676540021154
  endloop
 endfacet
 facet normal 0.2682534587895237 0.0 -0.9633483699303474
  outer loop
   vertex -89.8717391902397 -2.0 14.722816987025237
   vertex -89.56699265530023 105.0 14.807676540021154
   vertex -89.56699265530023 -2.0 14.807676540021154
  endloop
 endfacet
 facet normal 0.26984096735942525 0.0 -0.9629049030587236
  outer loop
   vertex -89.56699265530023 -2.0 14.807676540021154
   vertex -89.56699265530023 105.0 14.807676540021154
   vertex -89.26364554773696 105.0 14.89268542998582
  endloop
 endfacet
 facet normal 0.26984096735942525 0.0 -0.9629049030587236
  outer loop
   vertex -89.56699265530023 -2.0 14.807676540021154
   vertex -89.26364554773696 105.0 14.89268542998582
   vertex -89.26364554773696 -2.0 14.89268542998582
  endloop
 endfacet
 facet normal 0.2714042006760778 0.0 -0.9624654590453515
  outer loop
   vertex -89.26364554773696 -2.0 14.89268542998582
   vertex -89.26364554773696 105.0 14.89268542998582
   vertex -88.96170363478956 105.0 14.977829580109791
  endloop
 endfacet
 facet normal 0.2714042006760778 0.0 -0.9624654590453515
  outer loop
   vertex -89.26364554773696 -2.0 14.89268542998582
   vertex -88.96170363478956 105.0 14.977829580109791
   vertex -88.96170363478956 -2.0 14.977829580109791
  endloop
 endfacet
 facet normal 0.27294335828447214 0.0 -0.962030105125819
  outer loop
   vertex -88.96170363478956 -2.0 14.977829580109791
   vertex -88.96170363478956 105.0 14.977829580109791
   vertex -88.66117266208744 105.0 15.063095033364071
  endloop
 endfacet
 facet normal 0.27294335828447214 0.0 -0.962030105125819
  outer loop
   vertex -88.96170363478956 -2.0 14.977829580109791
   vertex -88.66117266208744 105.0 15.063095033364071
   vertex -88.66117266208744 -2.0 15.063095033364071
  endloop
 endfacet
 facet normal 0.27445864069162 0.0 -0.9615989052352899
  outer loop
   vertex -88.66117266208744 -2.0 15.063095033364071
   vertex -88.66117266208744 105.0 15.063095033364071
   vertex -88.36205835366589 105.0 15.1484679534598
  endloop
 endfacet
 facet normal 0.27445864069162 0.0 -0.9615989052352899
  outer loop
   vertex -88.66117266208744 -2.0 15.063095033364071
   vertex -88.36205835366589 105.0 15.1484679534598
   vertex -88.36205835366589 -2.0 15.1484679534598
  endloop
 endfacet
 facet normal 0.27595024930248213 0.0 -0.9611719200589964
  outer loop
   vertex -88.36205835366589 -2.0 15.1484679534598
   vertex -88.36205835366589 105.0 15.1484679534598
   vertex -88.06436641197759 105.0 15.233934625768729
  endloop
 endfacet
 facet normal 0.27595024930248213 0.0 -0.9611719200589964
  outer loop
   vertex -88.36205835366589 -2.0 15.1484679534598
   vertex -88.06436641197759 105.0 15.233934625768729
   vertex -88.06436641197759 -2.0 15.233934625768729
  endloop
 endfacet
 facet normal 0.27741838635736477 0.0 -0.9607492070831367
  outer loop
   vertex -88.06436641197759 -2.0 15.233934625768729
   vertex -88.06436641197759 105.0 15.233934625768729
   vertex -87.76810251789925 105.0 15.319481458204521
  endloop
 endfacet
 facet normal 0.27741838635736477 0.0 -0.9607492070831367
  outer loop
   vertex -88.06436641197759 -2.0 15.233934625768729
   vertex -87.76810251789925 105.0 15.319481458204521
   vertex -87.76810251789925 -2.0 15.319481458204521
  endloop
 endfacet
 facet normal 0.27886325487151026 0.0 -0.9603308206459206
  outer loop
   vertex -87.76810251789925 -2.0 15.319481458204521
   vertex -87.76810251789925 105.0 15.319481458204521
   vertex -87.47327233073375 105.0 15.405094982065027
  endloop
 endfacet
 facet normal 0.27886325487151026 0.0 -0.9603308206459206
  outer loop
   vertex -87.76810251789925 -2.0 15.319481458204521
   vertex -87.47327233073375 105.0 15.405094982065027
   vertex -87.47327233073375 -2.0 15.405094982065027
  endloop
 endfacet
 facet normal 0.28028505857604635 0.0 -0.9599168119889464
  outer loop
   vertex -87.47327233073375 -2.0 15.405094982065027
   vertex -87.47327233073375 105.0 15.405094982065027
   vertex -87.17988148820749 105.0 15.490761852835591
  endloop
 endfacet
 facet normal 0.28028505857604635 0.0 -0.9599168119889464
  outer loop
   vertex -87.47327233073375 -2.0 15.405094982065027
   vertex -87.17988148820749 105.0 15.490761852835591
   vertex -87.17988148820749 -2.0 15.490761852835591
  endloop
 endfacet
 facet normal 0.2816840018609222 0.0 -0.959507229308678
  outer loop
   vertex -87.17988148820749 -2.0 15.490761852835591
   vertex -87.17988148820749 105.0 15.490761852835591
   vertex -86.88793560646309 105.0 15.576468850953603
  endloop
 endfacet
 facet normal 0.2816840018609222 0.0 -0.959507229308678
  outer loop
   vertex -87.17988148820749 -2.0 15.490761852835591
   vertex -86.88793560646309 105.0 15.576468850953603
   vertex -86.88793560646309 -2.0 15.576468850953603
  endloop
 endfacet
 facet normal 0.2830602897192986 0.0 -0.9591021178081232
  outer loop
   vertex -86.88793560646309 -2.0 15.576468850953603
   vertex -86.88793560646309 105.0 15.576468850953603
   vertex -86.59744028004748 105.0 15.66220288253433
  endloop
 endfacet
 facet normal 0.2830602897192986 0.0 -0.9591021178081232
  outer loop
   vertex -86.88793560646309 -2.0 15.576468850953603
   vertex -86.59744028004748 105.0 15.66220288253433
   vertex -86.59744028004748 -2.0 15.66220288253433
  endloop
 endfacet
 facet normal 0.2844141276938021 0.0 -0.9587015197485471
  outer loop
   vertex -86.59744028004748 -2.0 15.66220288253433
   vertex -86.59744028004748 105.0 15.66220288253433
   vertex -86.30840108189531 105.0 15.747950980058288
  endloop
 endfacet
 facet normal 0.2844141276938021 0.0 -0.9587015197485471
  outer loop
   vertex -86.59744028004748 -2.0 15.66220288253433
   vertex -86.30840108189531 105.0 15.747950980058288
   vertex -86.30840108189531 -2.0 15.747950980058288
  endloop
 endfacet
 facet normal 0.2857457218240217 0.0 -0.9583054745013558
  outer loop
   vertex -86.30840108189531 -2.0 15.747950980058288
   vertex -86.30840108189531 105.0 15.747950980058288
   vertex -86.02082356330774 105.0 15.83370030302018
  endloop
 endfacet
 facet normal 0.2857457218240217 0.0 -0.9583054745013558
  outer loop
   vertex -86.30840108189531 -2.0 15.747950980058288
   vertex -86.02082356330774 105.0 15.83370030302018
   vertex -86.02082356330774 -2.0 15.83370030302018
  endloop
 endfacet
 facet normal 0.2870552785959341 0.0 -0.9579140185999006
  outer loop
   vertex -86.02082356330774 -2.0 15.83370030302018
   vertex -86.02082356330774 105.0 15.83370030302018
   vertex -85.73471325392671 105.0 15.919438138539679
  endloop
 endfacet
 facet normal 0.2870552785959341 0.0 -0.9579140185999006
  outer loop
   vertex -86.02082356330774 -2.0 15.83370030302018
   vertex -85.73471325392671 105.0 15.919438138539679
   vertex -85.73471325392671 -2.0 15.919438138539679
  endloop
 endfacet
 facet normal 0.2883430048925161 0.0 -0.9575271857913772
  outer loop
   vertex -85.73471325392671 -2.0 15.919438138539679
   vertex -85.73471325392671 105.0 15.919438138539679
   vertex -85.45007566170446 105.0 16.00515190193419
  endloop
 endfacet
 facet normal 0.2883430048925161 0.0 -0.9575271857913772
  outer loop
   vertex -85.73471325392671 -2.0 15.919438138539679
   vertex -85.45007566170446 105.0 16.00515190193419
   vertex -85.45007566170446 -2.0 16.00515190193419
  endloop
 endfacet
 facet normal 0.2896091079461116 0.0 -0.9571450070886112
  outer loop
   vertex -85.45007566170446 -2.0 16.00515190193419
   vertex -85.45007566170446 105.0 16.00515190193419
   vertex -85.16691627286873 105.0 16.09082913725376
  endloop
 endfacet
 facet normal 0.2896091079461116 0.0 -0.9571450070886112
  outer loop
   vertex -85.45007566170446 -2.0 16.00515190193419
   vertex -85.16691627286873 105.0 16.09082913725376
   vertex -85.16691627286873 -2.0 16.09082913725376
  endloop
 endfacet
 facet normal 0.2908537952919079 0.0 -0.9567675108218783
  outer loop
   vertex -85.16691627286873 -2.0 16.09082913725376
   vertex -85.16691627286873 105.0 16.09082913725376
   vertex -84.88524055188333 105.0 16.176457517778317
  endloop
 endfacet
 facet normal 0.2908537952919079 0.0 -0.9567675108218783
  outer loop
   vertex -85.16691627286873 -2.0 16.09082913725376
   vertex -84.88524055188333 105.0 16.176457517778317
   vertex -84.88524055188333 -2.0 16.176457517778317
  endloop
 endfacet
 facet normal 0.2920772747230341 0.0 -0.9563947226905664
  outer loop
   vertex -84.88524055188333 -2.0 16.176457517778317
   vertex -84.88524055188333 105.0 16.176457517778317
   vertex -84.60505394140395 105.0 16.262024846477576
  endloop
 endfacet
 facet normal 0.2920772747230341 0.0 -0.9563947226905664
  outer loop
   vertex -84.88524055188333 -2.0 16.176457517778317
   vertex -84.60505394140395 105.0 16.262024846477576
   vertex -84.60505394140395 -2.0 16.262024846477576
  endloop
 endfacet
 facet normal 0.2932797542470768 0.0 -0.9560266658147011
  outer loop
   vertex -84.60505394140395 -2.0 16.262024846477576
   vertex -84.60505394140395 105.0 16.262024846477576
   vertex -84.32636186223004 105.0 16.34751905643361
  endloop
 endfacet
 facet normal 0.2932797542470768 0.0 -0.9560266658147011
  outer loop
   vertex -84.60505394140395 -2.0 16.262024846477576
   vertex -84.32636186223004 105.0 16.34751905643361
   vertex -84.32636186223004 -2.0 16.34751905643361
  endloop
 endfacet
 facet normal 0.29446144204351604 0.0 -0.9556633607864503
  outer loop
   vertex -84.32636186223004 -2.0 16.34751905643361
   vertex -84.32636186223004 105.0 16.34751905643361
   vertex -84.04916971325169 105.0 16.432928211226507
  endloop
 endfacet
 facet normal 0.29446144204351604 0.0 -0.9556633607864503
  outer loop
   vertex -84.32636186223004 -2.0 16.34751905643361
   vertex -84.04916971325169 105.0 16.432928211226507
   vertex -84.04916971325169 -2.0 16.432928211226507
  endloop
 endfacet
 facet normal 0.29562254642296953 0.0 -0.9553048257212978
  outer loop
   vertex -84.04916971325169 -2.0 16.432928211226507
   vertex -84.04916971325169 105.0 16.432928211226507
   vertex -83.77348287139243 105.0 16.518240505283227
  endloop
 endfacet
 facet normal 0.29562254642296953 0.0 -0.9553048257212978
  outer loop
   vertex -84.04916971325169 -2.0 16.432928211226507
   vertex -83.77348287139243 105.0 16.518240505283227
   vertex -83.77348287139243 -2.0 16.518240505283227
  endloop
 endfacet
 facet normal 0.29676485356032833 0.0 -0.9549505859945409
  outer loop
   vertex -83.77348287139243 -2.0 16.518240505283227
   vertex -83.77348287139243 105.0 16.518240505283227
   vertex -83.49930682037925 105.0 16.603444720896057
  endloop
 endfacet
 facet normal 0.29676485356032833 0.0 -0.9549505859945409
  outer loop
   vertex -83.77348287139243 -2.0 16.518240505283227
   vertex -83.49930682037925 105.0 16.603444720896057
   vertex -83.49930682037925 -2.0 16.603444720896057
  endloop
 endfacet
 facet normal 0.2979018506091048 0.0 -0.9545965050238087
  outer loop
   vertex -83.49930682037925 -2.0 16.603444720896057
   vertex -83.49930682037925 105.0 16.603444720896057
   vertex -83.22664809909425 105.0 16.68853359062064
  endloop
 endfacet
 facet normal 0.2979018506091048 0.0 -0.9545965050238087
  outer loop
   vertex -83.49930682037925 -2.0 16.603444720896057
   vertex -83.22664809909425 105.0 16.68853359062064
   vertex -83.22664809909425 -2.0 16.68853359062064
  endloop
 endfacet
 facet normal 0.29904016740783285 0.0 -0.9542405243316253
  outer loop
   vertex -83.22664809909425 -2.0 16.68853359062064
   vertex -83.22664809909425 105.0 16.68853359062064
   vertex -82.95551372609091 105.0 16.773501757687036
  endloop
 endfacet
 facet normal 0.29904016740783285 0.0 -0.9542405243316253
  outer loop
   vertex -83.22664809909425 -2.0 16.68853359062064
   vertex -82.95551372609091 105.0 16.773501757687036
   vertex -82.95551372609091 -2.0 16.773501757687036
  endloop
 endfacet
 facet normal 0.3001797020439112 0.0 -0.9538826691374724
  outer loop
   vertex -82.95551372609091 -2.0 16.773501757687036
   vertex -82.95551372609091 105.0 16.773501757687036
   vertex -82.68591064739377 105.0 16.85834381892986
  endloop
 endfacet
 facet normal 0.3001797020439112 0.0 -0.9538826691374724
  outer loop
   vertex -82.95551372609091 -2.0 16.773501757687036
   vertex -82.68591064739377 105.0 16.85834381892986
   vertex -82.68591064739377 -2.0 16.85834381892986
  endloop
 endfacet
 facet normal 0.3013203014220225 0.0 -0.9535229813438906
  outer loop
   vertex -82.68591064739377 -2.0 16.85834381892986
   vertex -82.68591064739377 105.0 16.85834381892986
   vertex -82.4178457324856 105.0 16.943054311011505
  endloop
 endfacet
 facet normal 0.3013203014220225 0.0 -0.9535229813438906
  outer loop
   vertex -82.68591064739377 -2.0 16.85834381892986
   vertex -82.4178457324856 105.0 16.943054311011505
   vertex -82.4178457324856 -2.0 16.943054311011505
  endloop
 endfacet
 facet normal 0.3024618125088173 0.0 -0.9531615036151434
  outer loop
   vertex -82.4178457324856 -2.0 16.943054311011505
   vertex -82.4178457324856 105.0 16.943054311011505
   vertex -82.1513257744876 105.0 17.027627711489917
  endloop
 endfacet
 facet normal 0.3024618125088173 0.0 -0.9531615036151434
  outer loop
   vertex -82.4178457324856 -2.0 16.943054311011505
   vertex -82.1513257744876 105.0 17.027627711489917
   vertex -82.1513257744876 -2.0 17.027627711489917
  endloop
 endfacet
 facet normal 0.3036040823552791 0.0 -0.9527982793735561
  outer loop
   vertex -82.1513257744876 -2.0 17.027627711489917
   vertex -82.1513257744876 105.0 17.027627711489917
   vertex -81.88635749035043 105.0 17.1120584399035
  endloop
 endfacet
 facet normal 0.3036040823552791 0.0 -0.9527982793735561
  outer loop
   vertex -82.1513257744876 -2.0 17.027627711489917
   vertex -81.88635749035043 105.0 17.1120584399035
   vertex -81.88635749035043 -2.0 17.1120584399035
  endloop
 endfacet
 facet normal 0.30474695811817637 0.0 -0.9524333527957315
  outer loop
   vertex -81.88635749035043 -2.0 17.1120584399035
   vertex -81.88635749035043 105.0 17.1120584399035
   vertex -81.62294752105512 105.0 17.196340858872887
  endloop
 endfacet
 facet normal 0.30474695811817637 0.0 -0.9524333527957315
  outer loop
   vertex -81.88635749035043 -2.0 17.1120584399035
   vertex -81.62294752105512 105.0 17.196340858872887
   vertex -81.62294752105512 -2.0 17.196340858872887
  endloop
 endfacet
 facet normal 0.305890287082406 0.0 -0.9520667688080723
  outer loop
   vertex -81.62294752105512 -2.0 17.196340858872887
   vertex -81.62294752105512 105.0 17.196340858872887
   vertex -81.36110243182469 105.0 17.280469275219243
  endloop
 endfacet
 facet normal 0.305890287082406 0.0 -0.9520667688080723
  outer loop
   vertex -81.62294752105512 -2.0 17.196340858872887
   vertex -81.36110243182469 105.0 17.280469275219243
   vertex -81.36110243182469 -2.0 17.280469275219243
  endloop
 endfacet
 facet normal 0.3070339166827372 0.0 -0.9516985730820752
  outer loop
   vertex -81.36110243182469 -2.0 17.280469275219243
   vertex -81.36110243182469 105.0 17.280469275219243
   vertex -81.10082871234547 105.0 17.364437941098913
  endloop
 endfacet
 facet normal 0.3070339166827372 0.0 -0.9516985730820752
  outer loop
   vertex -81.36110243182469 -2.0 17.280469275219243
   vertex -81.10082871234547 105.0 17.364437941098913
   vertex -81.10082871234547 -2.0 17.364437941098913
  endloop
 endfacet
 facet normal 0.30817769452582205 0.0 -0.9513288120291264
  outer loop
   vertex -81.10082871234547 -2.0 17.364437941098913
   vertex -81.10082871234547 105.0 17.364437941098913
   vertex -80.84213277699871 105.0 17.448241055154
  endloop
 endfacet
 facet normal 0.30817769452582205 0.0 -0.9513288120291264
  outer loop
   vertex -81.10082871234547 -2.0 17.364437941098913
   vertex -80.84213277699871 105.0 17.448241055154
   vertex -80.84213277699871 -2.0 17.448241055154
  endloop
 endfacet
 facet normal 0.3093214684121131 0.0 -0.9509575327949057
  outer loop
   vertex -80.84213277699871 -2.0 17.448241055154
   vertex -80.84213277699871 105.0 17.448241055154
   vertex -80.58502096510185 105.0 17.531872763678663
  endloop
 endfacet
 facet normal 0.3093214684121131 0.0 -0.9509575327949057
  outer loop
   vertex -80.84213277699871 -2.0 17.448241055154
   vertex -80.58502096510185 105.0 17.531872763678663
   vertex -80.58502096510185 -2.0 17.531872763678663
  endloop
 endfacet
 facet normal 0.3104650863578632 0.0 -0.9505847832533427
  outer loop
   vertex -80.58502096510185 -2.0 17.531872763678663
   vertex -80.58502096510185 105.0 17.531872763678663
   vertex -80.3294995411595 105.0 17.615327161800877
  endloop
 endfacet
 facet normal 0.3104650863578632 0.0 -0.9505847832533427
  outer loop
   vertex -80.58502096510185 -2.0 17.531872763678663
   vertex -80.3294995411595 105.0 17.615327161800877
   vertex -80.3294995411595 -2.0 17.615327161800877
  endloop
 endfacet
 facet normal 0.3116083966168675 0.0 -0.950210612000237
  outer loop
   vertex -80.3294995411595 -2.0 17.615327161800877
   vertex -80.3294995411595 105.0 17.615327161800877
   vertex -80.07557469512413 105.0 17.698598294679204
  endloop
 endfacet
 facet normal 0.3116083966168675 0.0 -0.950210612000237
  outer loop
   vertex -80.3294995411595 -2.0 17.615327161800877
   vertex -80.07557469512413 105.0 17.698598294679204
   vertex -80.07557469512413 -2.0 17.698598294679204
  endloop
 endfacet
 facet normal 0.3127512477023699 0.0 -0.9498350683464003
  outer loop
   vertex -80.07557469512413 -2.0 17.698598294679204
   vertex -80.07557469512413 105.0 17.698598294679204
   vertex -79.82325254266597 105.0 17.781680158714423
  endloop
 endfacet
 facet normal 0.3127512477023699 0.0 -0.9498350683464003
  outer loop
   vertex -80.07557469512413 -2.0 17.698598294679204
   vertex -79.82325254266597 105.0 17.781680158714423
   vertex -79.82325254266597 -2.0 17.781680158714423
  endloop
 endfacet
 facet normal 0.3138934884089013 0.0 -0.9494582023103971
  outer loop
   vertex -79.82325254266597 -2.0 17.781680158714423
   vertex -79.82325254266597 105.0 17.781680158714423
   vertex -79.57253912545235 105.0 17.864566702775655
  endloop
 endfacet
 facet normal 0.3138934884089013 0.0 -0.9494582023103971
  outer loop
   vertex -79.82325254266597 -2.0 17.781680158714423
   vertex -79.57253912545235 105.0 17.864566702775655
   vertex -79.57253912545235 -2.0 17.864566702775655
  endloop
 endfacet
 facet normal 0.3150349678338929 0.0 -0.9490800646109359
  outer loop
   vertex -79.57253912545235 -2.0 17.864566702775655
   vertex -79.57253912545235 105.0 17.864566702775655
   vertex -79.32344041143617 105.0 17.947251829440624
  endloop
 endfacet
 facet normal 0.3150349678338929 0.0 -0.9490800646109359
  outer loop
   vertex -79.57253912545235 -2.0 17.864566702775655
   vertex -79.32344041143617 105.0 17.947251829440624
   vertex -79.32344041143617 -2.0 17.947251829440624
  endloop
 endfacet
 facet normal 0.3161755353994558 0.0 -0.9487007066587795
  outer loop
   vertex -79.32344041143617 -2.0 17.947251829440624
   vertex -79.32344041143617 105.0 17.947251829440624
   vertex -79.07596229515329 105.0 18.029729396249827
  endloop
 endfacet
 facet normal 0.3161755353994558 0.0 -0.9487007066587795
  outer loop
   vertex -79.32344041143617 -2.0 17.947251829440624
   vertex -79.07596229515329 105.0 18.029729396249827
   vertex -79.07596229515329 -2.0 18.029729396249827
  endloop
 endfacet
 facet normal 0.3173150408738595 0.0 -0.9483201805483319
  outer loop
   vertex -79.07596229515329 -2.0 18.029729396249827
   vertex -79.07596229515329 105.0 18.029729396249827
   vertex -78.83011059802885 105.0 18.111993216974216
  endloop
 endfacet
 facet normal 0.3173150408738595 0.0 -0.9483201805483319
  outer loop
   vertex -79.07596229515329 -2.0 18.029729396249827
   vertex -78.83011059802885 105.0 18.111993216974216
   vertex -78.83011059802885 -2.0 18.111993216974216
  endloop
 endfacet
 facet normal 0.3184533343930318 0.0 -0.9479385390487929
  outer loop
   vertex -78.83011059802885 -2.0 18.111993216974216
   vertex -78.83011059802885 105.0 18.111993216974216
   vertex -78.5858910686922 105.0 18.19403706289612
  endloop
 endfacet
 facet normal 0.3184533343930318 0.0 -0.9479385390487929
  outer loop
   vertex -78.83011059802885 -2.0 18.111993216974216
   vertex -78.5858910686922 105.0 18.19403706289612
   vertex -78.5858910686922 -2.0 18.19403706289612
  endloop
 endfacet
 facet normal 0.31959026648204436 0.0 -0.9475558355948929
  outer loop
   vertex -78.5858910686922 -2.0 18.19403706289612
   vertex -78.5858910686922 105.0 18.19403706289612
   vertex -78.34330938330045 105.0 18.27585466410306
  endloop
 endfacet
 facet normal 0.31959026648204436 0.0 -0.9475558355948929
  outer loop
   vertex -78.5858910686922 -2.0 18.19403706289612
   vertex -78.34330938330045 105.0 18.27585466410306
   vertex -78.34330938330045 -2.0 18.27585466410306
  endloop
 endfacet
 facet normal 0.32072568807625684 0.0 -0.9471721242773203
  outer loop
   vertex -78.34330938330045 -2.0 18.27585466410306
   vertex -78.34330938330045 105.0 18.27585466410306
   vertex -78.10237114587035 105.0 18.357439710794136
  endloop
 endfacet
 facet normal 0.32072568807625684 0.0 -0.9471721242773203
  outer loop
   vertex -78.34330938330045 -2.0 18.27585466410306
   vertex -78.10237114587035 105.0 18.357439710794136
   vertex -78.10237114587035 -2.0 18.357439710794136
  endloop
 endfacet
 facet normal 0.3218594505426192 0.0 -0.9467874598326719
  outer loop
   vertex -78.10237114587035 -2.0 18.357439710794136
   vertex -78.10237114587035 105.0 18.357439710794136
   vertex -77.86308188861848 105.0 18.438785854598628
  endloop
 endfacet
 facet normal 0.3218594505426192 0.0 -0.9467874598326719
  outer loop
   vertex -78.10237114587035 -2.0 18.357439710794136
   vertex -77.86308188861848 105.0 18.438785854598628
   vertex -77.86308188861848 -2.0 18.438785854598628
  endloop
 endfacet
 facet normal 0.32299140570057555 0.0 -0.9464018976331177
  outer loop
   vertex -77.86308188861848 -2.0 18.438785854598628
   vertex -77.86308188861848 105.0 18.438785854598628
   vertex -77.62544707230941 105.0 18.519886709906526
  endloop
 endfacet
 facet normal 0.32299140570057555 0.0 -0.9464018976331177
  outer loop
   vertex -77.86308188861848 -2.0 18.438785854598628
   vertex -77.62544707230941 105.0 18.519886709906526
   vertex -77.62544707230941 -2.0 18.519886709906526
  endloop
 endfacet
 facet normal 0.32412140584317095 0.0 -0.9460154936755774
  outer loop
   vertex -77.62544707230941 -2.0 18.519886709906526
   vertex -77.62544707230941 105.0 18.519886709906526
   vertex -77.38947208661193 105.0 18.60073585521061
  endloop
 endfacet
 facet normal 0.32412140584317095 0.0 -0.9460154936755774
  outer loop
   vertex -77.62544707230941 -2.0 18.519886709906526
   vertex -77.38947208661193 105.0 18.60073585521061
   vertex -77.38947208661193 -2.0 18.60073585521061
  endloop
 endfacet
 facet normal 0.32524930375761285 0.0 -0.9456283045706637
  outer loop
   vertex -77.38947208661193 -2.0 18.60073585521061
   vertex -77.38947208661193 105.0 18.60073585521061
   vertex -77.1551622504629 105.0 18.68132683445973
  endloop
 endfacet
 facet normal 0.32524930375761285 0.0 -0.9456283045706637
  outer loop
   vertex -77.38947208661193 -2.0 18.60073585521061
   vertex -77.1551622504629 105.0 18.68132683445973
   vertex -77.1551622504629 -2.0 18.68132683445973
  endloop
 endfacet
 facet normal 0.3263749527460567 0.0 -0.9452403875311345
  outer loop
   vertex -77.1551622504629 -2.0 18.68132683445973
   vertex -77.1551622504629 105.0 18.68132683445973
   vertex -76.92252281243873 105.0 18.761653158423012
  endloop
 endfacet
 facet normal 0.3263749527460567 0.0 -0.9452403875311345
  outer loop
   vertex -77.1551622504629 -2.0 18.68132683445973
   vertex -76.92252281243873 105.0 18.761653158423012
   vertex -76.92252281243873 -2.0 18.761653158423012
  endloop
 endfacet
 facet normal 0.3274982066459523 0.0 -0.9448518003600803
  outer loop
   vertex -76.92252281243873 -2.0 18.761653158423012
   vertex -76.92252281243873 105.0 18.761653158423012
   vertex -76.69155895113437 105.0 18.841708306064554
  endloop
 endfacet
 facet normal 0.3274982066459523 0.0 -0.9448518003600803
  outer loop
   vertex -76.92252281243873 -2.0 18.761653158423012
   vertex -76.69155895113437 105.0 18.841708306064554
   vertex -76.69155895113437 -2.0 18.841708306064554
  endloop
 endfacet
 facet normal 0.3286189198370383 0.0 -0.944462601443349
  outer loop
   vertex -76.69155895113437 -2.0 18.841708306064554
   vertex -76.69155895113437 105.0 18.841708306064554
   vertex -76.46227577554885 105.0 18.921485725924878
  endloop
 endfacet
 facet normal 0.3286189198370383 0.0 -0.944462601443349
  outer loop
   vertex -76.69155895113437 -2.0 18.841708306064554
   vertex -76.46227577554885 105.0 18.921485725924878
   vertex -76.46227577554885 -2.0 18.921485725924878
  endloop
 endfacet
 facet normal 0.3297360452110954 0.0 -0.9440731647963235
  outer loop
   vertex -76.46227577554885 -2.0 18.921485725924878
   vertex -76.46227577554885 105.0 18.921485725924878
   vertex -76.23467827860718 105.0 19.000978609887618
  endloop
 endfacet
 facet normal 0.3297360452110954 0.0 -0.9440731647963235
  outer loop
   vertex -76.46227577554885 -2.0 18.921485725924878
   vertex -76.23467827860718 105.0 19.000978609887618
   vertex -76.23467827860718 -2.0 19.000978609887618
  endloop
 endfacet
 facet normal 0.33084612682546427 0.0 -0.9436847144913331
  outer loop
   vertex -76.23467827860718 -2.0 19.000978609887618
   vertex -76.23467827860718 105.0 19.000978609887618
   vertex -76.00877121438381 105.0 19.080179296380773
  endloop
 endfacet
 facet normal 0.33084612682546427 0.0 -0.9436847144913331
  outer loop
   vertex -76.23467827860718 -2.0 19.000978609887618
   vertex -76.00877121438381 105.0 19.080179296380773
   vertex -76.00877121438381 -2.0 19.080179296380773
  endloop
 endfacet
 facet normal 0.3319483481068475 0.0 -0.9432975639686213
  outer loop
   vertex -76.00877121438381 -2.0 19.080179296380773
   vertex -76.00877121438381 105.0 19.080179296380773
   vertex -75.78455923831932 105.0 19.159079950769463
  endloop
 endfacet
 facet normal 0.3319483481068475 0.0 -0.9432975639686213
  outer loop
   vertex -76.00877121438381 -2.0 19.080179296380773
   vertex -75.78455923831932 105.0 19.159079950769463
   vertex -75.78455923831932 -2.0 19.159079950769463
  endloop
 endfacet
 facet normal 0.33304267947841 0.0 -0.9429117528410816
  outer loop
   vertex -75.78455923831932 -2.0 19.159079950769463
   vertex -75.78455923831932 105.0 19.159079950769463
   vertex -75.56204694865545 105.0 19.237672765996596
  endloop
 endfacet
 facet normal 0.33304267947841 0.0 -0.9429117528410816
  outer loop
   vertex -75.78455923831932 -2.0 19.159079950769463
   vertex -75.56204694865545 105.0 19.237672765996596
   vertex -75.56204694865545 -2.0 19.237672765996596
  endloop
 endfacet
 facet normal 0.3341290915585609 0.0 -0.9425273206513702
  outer loop
   vertex -75.56204694865545 -2.0 19.237672765996596
   vertex -75.56204694865545 105.0 19.237672765996596
   vertex -75.34123888672966 105.0 19.315949963403547
  endloop
 endfacet
 facet normal 0.3341290915585609 0.0 -0.9425273206513702
  outer loop
   vertex -75.56204694865545 -2.0 19.237672765996596
   vertex -75.34123888672966 105.0 19.315949963403547
   vertex -75.34123888672966 -2.0 19.315949963403547
  endloop
 endfacet
 facet normal 0.3352075551622642 0.0 -0.9421443068671261
  outer loop
   vertex -75.34123888672966 -2.0 19.315949963403547
   vertex -75.34123888672966 105.0 19.315949963403547
   vertex -75.1221395372734 105.0 19.39390379354778
  endloop
 endfacet
 facet normal 0.3352075551622642 0.0 -0.9421443068671261
  outer loop
   vertex -75.34123888672966 -2.0 19.315949963403547
   vertex -75.1221395372734 105.0 19.39390379354778
   vertex -75.1221395372734 -2.0 19.39390379354778
  endloop
 endfacet
 facet normal 0.33627804130297456 0.0 -0.9417627508759491
  outer loop
   vertex -75.1221395372734 -2.0 19.39390379354778
   vertex -75.1221395372734 105.0 19.39390379354778
   vertex -74.90475332871459 105.0 19.471526537017343
  endloop
 endfacet
 facet normal 0.33627804130297456 0.0 -0.9417627508759491
  outer loop
   vertex -75.1221395372734 -2.0 19.39390379354778
   vertex -74.90475332871459 105.0 19.471526537017343
   vertex -74.90475332871459 -2.0 19.471526537017343
  endloop
 endfacet
 facet normal 0.3373405211935261 0.0 -0.9413826919807269
  outer loop
   vertex -74.90475332871459 -2.0 19.471526537017343
   vertex -74.90475332871459 105.0 19.471526537017343
   vertex -74.6890846334835 105.0 19.54881050524211
  endloop
 endfacet
 facet normal 0.3373405211935261 0.0 -0.9413826919807269
  outer loop
   vertex -74.90475332871459 -2.0 19.471526537017343
   vertex -74.6890846334835 105.0 19.54881050524211
   vertex -74.6890846334835 -2.0 19.54881050524211
  endloop
 endfacet
 facet normal 0.338394966248143 0.0 -0.9410041693945452
  outer loop
   vertex -74.6890846334835 -2.0 19.54881050524211
   vertex -74.6890846334835 105.0 19.54881050524211
   vertex -74.47513776832238 105.0 19.62574804130178
  endloop
 endfacet
 facet normal 0.338394966248143 0.0 -0.9410041693945452
  outer loop
   vertex -74.6890846334835 -2.0 19.54881050524211
   vertex -74.47513776832238 105.0 19.62574804130178
   vertex -74.47513776832238 -2.0 19.62574804130178
  endloop
 endfacet
 facet normal 0.33944134808372145 0.0 -0.9406272222358366
  outer loop
   vertex -74.47513776832238 -2.0 19.62574804130178
   vertex -74.47513776832238 105.0 19.62574804130178
   vertex -74.26291699459873 105.0 19.702331520730432
  endloop
 endfacet
 facet normal 0.33944134808372145 0.0 -0.9406272222358366
  outer loop
   vertex -74.47513776832238 -2.0 19.62574804130178
   vertex -74.26291699459873 105.0 19.702331520730432
   vertex -74.26291699459873 -2.0 19.702331520730432
  endloop
 endfacet
 facet normal 0.3404796385211197 0.0 -0.9402518895235084
  outer loop
   vertex -74.26291699459873 -2.0 19.702331520730432
   vertex -74.26291699459873 105.0 19.702331520730432
   vertex -74.05242651862164 105.0 19.77855335231764
  endloop
 endfacet
 facet normal 0.3404796385211197 0.0 -0.9402518895235084
  outer loop
   vertex -74.26291699459873 -2.0 19.702331520730432
   vertex -74.05242651862164 105.0 19.77855335231764
   vertex -74.05242651862164 -2.0 19.77855335231764
  endloop
 endfacet
 facet normal 0.3415098095868686 0.0 -0.9398782101719035
  outer loop
   vertex -74.05242651862164 -2.0 19.77855335231764
   vertex -74.05242651862164 105.0 19.77855335231764
   vertex -73.84367049196175 105.0 19.85440597890603
  endloop
 endfacet
 facet normal 0.3415098095868686 0.0 -0.9398782101719035
  outer loop
   vertex -74.05242651862164 -2.0 19.77855335231764
   vertex -73.84367049196175 105.0 19.85440597890603
   vertex -73.84367049196175 -2.0 19.85440597890603
  endloop
 endfacet
 facet normal 0.34253183351432387 0.0 -0.9395062229859446
  outer loop
   vertex -73.84367049196175 -2.0 19.85440597890603
   vertex -73.84367049196175 105.0 19.85440597890603
   vertex -73.636653011774 105.0 19.92988187818518
  endloop
 endfacet
 facet normal 0.34253183351432387 0.0 -0.9395062229859446
  outer loop
   vertex -73.84367049196175 -2.0 19.85440597890603
   vertex -73.636653011774 105.0 19.92988187818518
   vertex -73.636653011774 -2.0 19.92988187818518
  endloop
 endfacet
 facet normal 0.34354568274514397 0.0 -0.9391359666561456
  outer loop
   vertex -73.636653011774 -2.0 19.92988187818518
   vertex -73.636653011774 105.0 19.92988187818518
   vertex -73.43137812112363 105.0 20.00497356348184
  endloop
 endfacet
 facet normal 0.34354568274514397 0.0 -0.9391359666561456
  outer loop
   vertex -73.636653011774 -2.0 19.92988187818518
   vertex -73.43137812112363 105.0 20.00497356348184
   vertex -73.43137812112363 -2.0 20.00497356348184
  endloop
 endfacet
 facet normal 0.3445513299308042 0.0 -0.9387674797535938
  outer loop
   vertex -73.43137812112363 -2.0 20.00497356348184
   vertex -73.43137812112363 105.0 20.00497356348184
   vertex -73.22784980931507 105.0 20.079673584546285
  endloop
 endfacet
 facet normal 0.3445513299308042 0.0 -0.9387674797535938
  outer loop
   vertex -73.43137812112363 -2.0 20.00497356348184
   vertex -73.22784980931507 105.0 20.079673584546285
   vertex -73.22784980931507 -2.0 20.079673584546285
  endloop
 endfacet
 facet normal 0.34554874793366575 0.0 -0.9384008007250825
  outer loop
   vertex -73.22784980931507 -2.0 20.079673584546285
   vertex -73.22784980931507 105.0 20.079673584546285
   vertex -73.02607201222344 105.0 20.15397452833486
  endloop
 endfacet
 facet normal 0.34554874793366575 0.0 -0.9384008007250825
  outer loop
   vertex -73.22784980931507 -2.0 20.079673584546285
   vertex -73.02607201222344 105.0 20.15397452833486
   vertex -73.02607201222344 -2.0 20.15397452833486
  endloop
 endfacet
 facet normal 0.3465379098286144 0.0 -0.9380359678880204
  outer loop
   vertex -73.02607201222344 -2.0 20.15397452833486
   vertex -73.02607201222344 105.0 20.15397452833486
   vertex -72.82604861262888 105.0 20.227869019788503
  endloop
 endfacet
 facet normal 0.3465379098286144 0.0 -0.9380359678880204
  outer loop
   vertex -73.02607201222344 -2.0 20.15397452833486
   vertex -72.82604861262888 105.0 20.227869019788503
   vertex -72.82604861262888 -2.0 20.227869019788503
  endloop
 endfacet
 facet normal 0.34751878890414883 0.0 -0.9376730194255317
  outer loop
   vertex -72.82604861262888 -2.0 20.227869019788503
   vertex -72.82604861262888 105.0 20.227869019788503
   vertex -72.62778344055332 105.0 20.30134972260726
  endloop
 endfacet
 facet normal 0.34751878890414883 0.0 -0.9376730194255317
  outer loop
   vertex -72.82604861262888 -2.0 20.227869019788503
   vertex -72.62778344055332 105.0 20.30134972260726
   vertex -72.62778344055332 -2.0 20.30134972260726
  endloop
 endfacet
 facet normal 0.34849135866372405 0.0 -0.9373119933814523
  outer loop
   vertex -72.62778344055332 -2.0 20.30134972260726
   vertex -72.62778344055332 105.0 20.30134972260726
   vertex -72.43128027359971 105.0 20.374409340020602
  endloop
 endfacet
 facet normal 0.34849135866372405 0.0 -0.9373119933814523
  outer loop
   vertex -72.62778344055332 -2.0 20.30134972260726
   vertex -72.43128027359971 105.0 20.374409340020602
   vertex -72.43128027359971 -2.0 20.374409340020602
  endloop
 endfacet
 facet normal 0.34945559282711713 0.0 -0.9369529276553054
  outer loop
   vertex -72.43128027359971 -2.0 20.374409340020602
   vertex -72.43128027359971 105.0 20.374409340020602
   vertex -72.23654283729348 105.0 20.447040615553647
  endloop
 endfacet
 facet normal 0.34945559282711713 0.0 -0.9369529276553054
  outer loop
   vertex -72.43128027359971 -2.0 20.374409340020602
   vertex -72.23654283729348 105.0 20.447040615553647
   vertex -72.23654283729348 -2.0 20.447040615553647
  endloop
 endfacet
 facet normal 0.3504114653316479 0.0 -0.9365958599973242
  outer loop
   vertex -72.23654283729348 -2.0 20.447040615553647
   vertex -72.23654283729348 105.0 20.447040615553647
   vertex -72.04357480542623 105.0 20.519236333789003
  endloop
 endfacet
 facet normal 0.3504114653316479 0.0 -0.9365958599973242
  outer loop
   vertex -72.23654283729348 -2.0 20.447040615553647
   vertex -72.04357480542623 105.0 20.519236333789003
   vertex -72.04357480542623 -2.0 20.519236333789003
  endloop
 endfacet
 facet normal 0.35135895033334036 0.0 -0.9362408280034861
  outer loop
   vertex -72.04357480542623 -2.0 20.519236333789003
   vertex -72.04357480542623 105.0 20.519236333789003
   vertex -71.85237980040144 105.0 20.590989321124265
  endloop
 endfacet
 facet normal 0.35135895033334036 0.0 -0.9362408280034861
  outer loop
   vertex -72.04357480542623 -2.0 20.519236333789003
   vertex -71.85237980040144 105.0 20.590989321124265
   vertex -71.85237980040144 -2.0 20.590989321124265
  endloop
 endfacet
 facet normal 0.3522980222081236 0.0 -0.9358878691105279
  outer loop
   vertex -71.85237980040144 -2.0 20.590989321124265
   vertex -71.85237980040144 105.0 20.590989321124265
   vertex -71.66296139358198 105.0 20.6622924465251
  endloop
 endfacet
 facet normal 0.3522980222081236 0.0 -0.9358878691105279
  outer loop
   vertex -71.85237980040144 -2.0 20.590989321124265
   vertex -71.66296139358198 105.0 20.6622924465251
   vertex -71.66296139358198 -2.0 20.6622924465251
  endloop
 endfacet
 facet normal 0.35322865555330635 0.0 -0.9355370205908496
  outer loop
   vertex -71.66296139358198 -2.0 20.6622924465251
   vertex -71.66296139358198 105.0 20.6622924465251
   vertex -71.47532310563969 105.0 20.733138622273785
  endloop
 endfacet
 facet normal 0.35322865555330635 0.0 -0.9355370205908496
  outer loop
   vertex -71.66296139358198 -2.0 20.6622924465251
   vertex -71.47532310563969 105.0 20.733138622273785
   vertex -71.47532310563969 -2.0 20.733138622273785
  endloop
 endfacet
 facet normal 0.35415082518838886 0.0 -0.9351883195476636
  outer loop
   vertex -71.47532310563969 -2.0 20.733138622273785
   vertex -71.47532310563969 105.0 20.733138622273785
   vertex -71.2894684069064 105.0 20.803520804713116
  endloop
 endfacet
 facet normal 0.35415082518838886 0.0 -0.9351883195476636
  outer loop
   vertex -71.47532310563969 -2.0 20.733138622273785
   vertex -71.2894684069064 105.0 20.803520804713116
   vertex -71.2894684069064 -2.0 20.803520804713116
  endloop
 endfacet
 facet normal 0.35506450615623714 0.0 -0.9348418029100044
  outer loop
   vertex -71.2894684069064 -2.0 20.803520804713116
   vertex -71.2894684069064 105.0 20.803520804713116
   vertex -71.10540071772635 105.0 20.873431994985726
  endloop
 endfacet
 facet normal 0.35506450615623714 0.0 -0.9348418029100044
  outer loop
   vertex -71.2894684069064 -2.0 20.803520804713116
   vertex -71.10540071772635 105.0 20.873431994985726
   vertex -71.10540071772635 -2.0 20.873431994985726
  endloop
 endfacet
 facet normal 0.35596967372468197 0.0 -0.9344975074275712
  outer loop
   vertex -71.10540071772635 -2.0 20.873431994985726
   vertex -71.10540071772635 105.0 20.873431994985726
   vertex -70.92312340881062 105.0 20.942865239768537
  endloop
 endfacet
 facet normal 0.35596967372468197 0.0 -0.9344975074275712
  outer loop
   vertex -71.10540071772635 -2.0 20.873431994985726
   vertex -70.92312340881062 105.0 20.942865239768537
   vertex -70.92312340881062 -2.0 20.942865239768537
  endloop
 endfacet
 facet normal 0.35686630338715164 0.0 -0.9341554696659382
  outer loop
   vertex -70.92312340881062 -2.0 20.942865239768537
   vertex -70.92312340881062 105.0 20.942865239768537
   vertex -70.74263980159223 105.0 21.011813632002475
  endloop
 endfacet
 facet normal 0.35686630338715164 0.0 -0.9341554696659382
  outer loop
   vertex -70.92312340881062 -2.0 20.942865239768537
   vertex -70.74263980159223 105.0 21.011813632002475
   vertex -70.74263980159223 -2.0 21.011813632002475
  endloop
 endfacet
 facet normal 0.3577543708637489 0.0 -0.9338157260015937
  outer loop
   vertex -70.74263980159223 -2.0 21.011813632002475
   vertex -70.74263980159223 105.0 21.011813632002475
   vertex -70.56395316858264 105.0 21.080270311617227
  endloop
 endfacet
 facet normal 0.3577543708637489 0.0 -0.9338157260015937
  outer loop
   vertex -70.74263980159223 -2.0 21.011813632002475
   vertex -70.56395316858264 105.0 21.080270311617227
   vertex -70.56395316858264 -2.0 21.080270311617227
  endloop
 endfacet
 facet normal 0.35863385210280874 0.0 -0.933478312616796
  outer loop
   vertex -70.56395316858264 -2.0 21.080270311617227
   vertex -70.56395316858264 105.0 21.080270311617227
   vertex -70.38706673372951 105.0 21.148228466251027
  endloop
 endfacet
 facet normal 0.35863385210280874 0.0 -0.933478312616796
  outer loop
   vertex -70.56395316858264 -2.0 21.080270311617227
   vertex -70.38706673372951 105.0 21.148228466251027
   vertex -70.38706673372951 -2.0 21.148228466251027
  endloop
 endfacet
 facet normal 0.35950472328145444 0.0 -0.933143265494814
  outer loop
   vertex -70.38706673372951 -2.0 21.148228466251027
   vertex -70.38706673372951 105.0 21.148228466251027
   vertex -70.21198367277506 105.0 21.215681331965406
  endloop
 endfacet
 facet normal 0.35950472328145444 0.0 -0.933143265494814
  outer loop
   vertex -70.38706673372951 -2.0 21.148228466251027
   vertex -70.21198367277506 105.0 21.215681331965406
   vertex -70.21198367277506 -2.0 21.215681331965406
  endloop
 endfacet
 facet normal 0.3603669608067567 0.0 -0.932810620414938
  outer loop
   vertex -70.21198367277506 -2.0 21.215681331965406
   vertex -70.21198367277506 105.0 21.215681331965406
   vertex -70.03870711361536 105.0 21.282622193954797
  endloop
 endfacet
 facet normal 0.3603669608067567 0.0 -0.932810620414938
  outer loop
   vertex -70.21198367277506 -2.0 21.215681331965406
   vertex -70.03870711361536 105.0 21.282622193954797
   vertex -70.03870711361536 -2.0 21.282622193954797
  endloop
 endfacet
 facet normal 0.36122054131699133 0.0 -0.932480412947457
  outer loop
   vertex -70.03870711361536 -2.0 21.282622193954797
   vertex -70.03870711361536 105.0 21.282622193954797
   vertex -69.86724013666046 105.0 21.349044387250913
  endloop
 endfacet
 facet normal 0.36122054131699133 0.0 -0.932480412947457
  outer loop
   vertex -70.03870711361536 -2.0 21.282622193954797
   vertex -69.86724013666046 105.0 21.349044387250913
   vertex -69.86724013666046 -2.0 21.349044387250913
  endloop
 endfacet
 facet normal 0.3620654416823742 0.0 -0.9321526784488404
  outer loop
   vertex -69.86724013666046 -2.0 21.349044387250913
   vertex -69.86724013666046 105.0 21.349044387250913
   vertex -69.6975857751948 105.0 21.41494129742192
  endloop
 endfacet
 facet normal 0.3620654416823742 0.0 -0.9321526784488404
  outer loop
   vertex -69.86724013666046 -2.0 21.349044387250913
   vertex -69.6975857751948 105.0 21.41494129742192
   vertex -69.6975857751948 -2.0 21.41494129742192
  endloop
 endfacet
 facet normal 0.36290163900611133 0.0 -0.9318274520568053
  outer loop
   vertex -69.6975857751948 -2.0 21.41494129742192
   vertex -69.6975857751948 105.0 21.41494129742192
   vertex -69.52974701573828 105.0 21.480306361266173
  endloop
 endfacet
 facet normal 0.36290163900611133 0.0 -0.9318274520568053
  outer loop
   vertex -69.6975857751948 -2.0 21.41494129742192
   vertex -69.52974701573828 105.0 21.480306361266173
   vertex -69.52974701573828 -2.0 21.480306361266173
  endloop
 endfacet
 facet normal 0.36372911062513813 0.0 -0.9315047686855102
  outer loop
   vertex -69.52974701573828 -2.0 21.480306361266173
   vertex -69.52974701573828 105.0 21.480306361266173
   vertex -69.3637267984074 105.0 21.54513306750061
  endloop
 endfacet
 facet normal 0.36372911062513813 0.0 -0.9315047686855102
  outer loop
   vertex -69.52974701573828 -2.0 21.480306361266173
   vertex -69.3637267984074 105.0 21.54513306750061
   vertex -69.3637267984074 -2.0 21.54513306750061
  endloop
 endfacet
 facet normal 0.36454781978323636 0.0 -0.9311846686298529
  outer loop
   vertex -69.3637267984074 -2.0 21.54513306750061
   vertex -69.3637267984074 105.0 21.54513306750061
   vertex -69.1995280157631 105.0 21.60941495512245
  endloop
 endfacet
 facet normal 0.36454781978323636 0.0 -0.9311846686298529
  outer loop
   vertex -69.3637267984074 -2.0 21.54513306750061
   vertex -69.1995280157631 105.0 21.60941495512245
   vertex -69.1995280157631 -2.0 21.60941495512245
  endloop
 endfacet
 facet normal 0.3653572561709334 0.0 -0.9308673779670481
  outer loop
   vertex -69.1995280157631 -2.0 21.60941495512245
   vertex -69.1995280157631 105.0 21.60941495512245
   vertex -69.03715346371008 105.0 21.673145538247656
  endloop
 endfacet
 facet normal 0.3653572561709334 0.0 -0.9308673779670481
  outer loop
   vertex -69.1995280157631 -2.0 21.60941495512245
   vertex -69.03715346371008 105.0 21.673145538247656
   vertex -69.03715346371008 -2.0 21.673145538247656
  endloop
 endfacet
 facet normal 0.36615681847032544 0.0 -0.9305531603770356
  outer loop
   vertex -69.03715346371008 -2.0 21.673145538247656
   vertex -69.03715346371008 105.0 21.673145538247656
   vertex -68.8766058346189 105.0 21.736318295682775
  endloop
 endfacet
 facet normal 0.36615681847032544 0.0 -0.9305531603770356
  outer loop
   vertex -69.03715346371008 -2.0 21.673145538247656
   vertex -68.8766058346189 105.0 21.736318295682775
   vertex -68.8766058346189 -2.0 21.736318295682775
  endloop
 endfacet
 facet normal 0.36694648487117143 0.0 -0.9302420530381816
  outer loop
   vertex -68.8766058346189 -2.0 21.736318295682775
   vertex -68.8766058346189 105.0 21.736318295682775
   vertex -68.71788777955864 105.0 21.798926766456308
  endloop
 endfacet
 facet normal 0.36694648487117143 0.0 -0.9302420530381816
  outer loop
   vertex -68.8766058346189 -2.0 21.736318295682775
   vertex -68.71788777955864 105.0 21.798926766456308
   vertex -68.71788777955864 -2.0 21.798926766456308
  endloop
 endfacet
 facet normal 0.3677262709780705 0.0 -0.929934078111219
  outer loop
   vertex -68.71788777955864 -2.0 21.798926766456308
   vertex -68.71788777955864 105.0 21.798926766456308
   vertex -68.5610019124394 105.0 21.860964556276954
  endloop
 endfacet
 facet normal 0.3677262709780705 0.0 -0.929934078111219
  outer loop
   vertex -68.71788777955864 -2.0 21.798926766456308
   vertex -68.5610019124394 105.0 21.860964556276954
   vertex -68.5610019124394 -2.0 21.860964556276954
  endloop
 endfacet
 facet normal 0.3684961923200287 0.0 -0.9296292574169771
  outer loop
   vertex -68.5610019124394 -2.0 21.860964556276954
   vertex -68.5610019124394 105.0 21.860964556276954
   vertex -68.40595081019333 105.0 21.922425337913122
  endloop
 endfacet
 facet normal 0.3684961923200287 0.0 -0.9296292574169771
  outer loop
   vertex -68.5610019124394 -2.0 21.860964556276954
   vertex -68.40595081019333 105.0 21.922425337913122
   vertex -68.40595081019333 -2.0 21.922425337913122
  endloop
 endfacet
 facet normal 0.3692562643469614 0.0 -0.9293276124384375
  outer loop
   vertex -68.40595081019333 -2.0 21.922425337913122
   vertex -68.40595081019333 105.0 21.922425337913122
   vertex -68.25273701295559 105.0 21.98330285156622
  endloop
 endfacet
 facet normal 0.3692562643469614 0.0 -0.9293276124384375
  outer loop
   vertex -68.40595081019333 -2.0 21.922425337913122
   vertex -68.25273701295559 105.0 21.98330285156622
   vertex -68.25273701295559 -2.0 21.98330285156622
  endloop
 endfacet
 facet normal 0.3700065024246765 0.0 -0.9290291643234123
  outer loop
   vertex -68.25273701295559 -2.0 21.98330285156622
   vertex -68.25273701295559 105.0 21.98330285156622
   vertex -68.10136302424395 105.0 22.043590905237878
  endloop
 endfacet
 facet normal 0.3700065024246765 0.0 -0.9290291643234123
  outer loop
   vertex -68.25273701295559 -2.0 21.98330285156622
   vertex -68.10136302424395 105.0 22.043590905237878
   vertex -68.10136302424395 -2.0 22.043590905237878
  endloop
 endfacet
 facet normal 0.37074692183072705 0.0 -0.9287339338869021
  outer loop
   vertex -68.10136302424395 -2.0 22.043590905237878
   vertex -68.10136302424395 105.0 22.043590905237878
   vertex -67.95183131113788 105.0 22.10328337509104
  endloop
 endfacet
 facet normal 0.37074692183072705 0.0 -0.9287339338869021
  outer loop
   vertex -68.10136302424395 -2.0 22.043590905237878
   vertex -67.95183131113788 105.0 22.10328337509104
   vertex -67.95183131113788 -2.0 22.10328337509104
  endloop
 endfacet
 facet normal 0.371477537750461 0.0 -0.9284419416133973
  outer loop
   vertex -67.95183131113788 -2.0 22.10328337509104
   vertex -67.95183131113788 105.0 22.10328337509104
   vertex -67.80414430445668 105.0 22.16237420580505
  endloop
 endfacet
 facet normal 0.371477537750461 0.0 -0.9284419416133973
  outer loop
   vertex -67.95183131113788 -2.0 22.10328337509104
   vertex -67.80414430445668 105.0 22.16237420580505
   vertex -67.80414430445668 -2.0 22.16237420580505
  endloop
 endfacet
 facet normal 0.372198365272637 0.0 -0.9281532076593694
  outer loop
   vertex -67.80414430445668 -2.0 22.16237420580505
   vertex -67.80414430445668 105.0 22.16237420580505
   vertex -67.65830439893676 105.0 22.22085741092473
  endloop
 endfacet
 facet normal 0.372198365272637 0.0 -0.9281532076593694
  outer loop
   vertex -67.80414430445668 -2.0 22.16237420580505
   vertex -67.65830439893676 105.0 22.22085741092473
   vertex -67.65830439893676 -2.0 22.22085741092473
  endloop
 endfacet
 facet normal 0.3729094193856683 0.0 -0.9278677518555346
  outer loop
   vertex -67.65830439893676 -2.0 22.22085741092473
   vertex -67.65830439893676 105.0 22.22085741092473
   vertex -67.51431395340802 105.0 22.278727073203463
  endloop
 endfacet
 facet normal 0.3729094193856683 0.0 -0.9278677518555346
  outer loop
   vertex -67.65830439893676 -2.0 22.22085741092473
   vertex -67.51431395340802 105.0 22.278727073203463
   vertex -67.51431395340802 -2.0 22.278727073203463
  endloop
 endfacet
 facet normal 0.3736107149732323 0.0 -0.9275855937093838
  outer loop
   vertex -67.51431395340802 -2.0 22.278727073203463
   vertex -67.51431395340802 105.0 22.278727073203463
   vertex -67.37217529096893 105.0 22.335977344940485
  endloop
 endfacet
 facet normal 0.3736107149732323 0.0 -0.9275855937093838
  outer loop
   vertex -67.51431395340802 -2.0 22.278727073203463
   vertex -67.37217529096893 105.0 22.335977344940485
   vertex -67.37217529096893 -2.0 22.335977344940485
  endloop
 endfacet
 facet normal 0.37430226681119955 0.0 -0.9273067524072051
  outer loop
   vertex -67.37217529096893 -2.0 22.335977344940485
   vertex -67.37217529096893 105.0 22.335977344940485
   vertex -67.23189069916114 105.0 22.39260244831219
  endloop
 endfacet
 facet normal 0.37430226681119955 0.0 -0.9273067524072051
  outer loop
   vertex -67.37217529096893 -2.0 22.335977344940485
   vertex -67.23189069916114 105.0 22.39260244831219
   vertex -67.23189069916114 -2.0 22.39260244831219
  endloop
 endfacet
 facet normal 0.37498408956252605 0.0 -0.9270312468169363
  outer loop
   vertex -67.23189069916114 -2.0 22.39260244831219
   vertex -67.23189069916114 105.0 22.39260244831219
   vertex -67.0934624301423 105.0 22.448596675697708
  endloop
 endfacet
 facet normal 0.37498408956252605 0.0 -0.9270312468169363
  outer loop
   vertex -67.23189069916114 -2.0 22.39260244831219
   vertex -67.0934624301423 105.0 22.448596675697708
   vertex -67.0934624301423 -2.0 22.448596675697708
  endloop
 endfacet
 facet normal 0.3756561977749297 0.0 -0.9267590954899136
  outer loop
   vertex -67.0934624301423 -2.0 22.448596675697708
   vertex -67.0934624301423 105.0 22.448596675697708
   vertex -66.95689270085832 105.0 22.503954389998693
  endloop
 endfacet
 facet normal 0.3756561977749297 0.0 -0.9267590954899136
  outer loop
   vertex -67.0934624301423 -2.0 22.448596675697708
   vertex -66.95689270085832 105.0 22.503954389998693
   vertex -66.95689270085832 -2.0 22.503954389998693
  endloop
 endfacet
 facet normal 0.37631860587617233 0.0 -0.9264903166635979
  outer loop
   vertex -66.95689270085832 -2.0 22.503954389998693
   vertex -66.95689270085832 105.0 22.503954389998693
   vertex -66.82218369321416 105.0 22.558670024953376
  endloop
 endfacet
 facet normal 0.37631860587617233 0.0 -0.9264903166635979
  outer loop
   vertex -66.95689270085832 -2.0 22.503954389998693
   vertex -66.82218369321416 105.0 22.558670024953376
   vertex -66.82218369321416 -2.0 22.558670024953376
  endloop
 endfacet
 facet normal 0.37697132817111056 0.0 -0.9262249282635988
  outer loop
   vertex -66.82218369321416 -2.0 22.558670024953376
   vertex -66.82218369321416 105.0 22.558670024953376
   vertex -66.68933755424351 105.0 22.61273808544496
  endloop
 endfacet
 facet normal 0.37697132817111056 0.0 -0.9262249282635988
  outer loop
   vertex -66.82218369321416 -2.0 22.558670024953376
   vertex -66.68933755424351 105.0 22.61273808544496
   vertex -66.68933755424351 -2.0 22.61273808544496
  endloop
 endfacet
 facet normal 0.37761437883765225 0.0 -0.9259629479061535
  outer loop
   vertex -66.68933755424351 -2.0 22.61273808544496
   vertex -66.68933755424351 105.0 22.61273808544496
   vertex -66.5583563962771 105.0 22.66615314780438
  endloop
 endfacet
 facet normal 0.37761437883765225 0.0 -0.9259629479061535
  outer loop
   vertex -66.68933755424351 -2.0 22.61273808544496
   vertex -66.5583563962771 105.0 22.66615314780438
   vertex -66.5583563962771 -2.0 22.66615314780438
  endloop
 endfacet
 facet normal 0.3782477719237902 0.0 -0.9257043929001786
  outer loop
   vertex -66.5583563962771 -2.0 22.66615314780438
   vertex -66.5583563962771 105.0 22.66615314780438
   vertex -66.42924229710985 105.0 22.71890986010749
  endloop
 endfacet
 facet normal 0.3782477719237902 0.0 -0.9257043929001786
  outer loop
   vertex -66.5583563962771 -2.0 22.66615314780438
   vertex -66.42924229710985 105.0 22.71890986010749
   vertex -66.42924229710985 -2.0 22.71890986010749
  endloop
 endfacet
 facet normal 0.37887152134371127 0.0 -0.9254492802497075
  outer loop
   vertex -66.42924229710985 -2.0 22.71890986010749
   vertex -66.42924229710985 105.0 22.71890986010749
   vertex -66.30199730016645 105.0 22.771002942466705
  endloop
 endfacet
 facet normal 0.37887152134371127 0.0 -0.9254492802497075
  outer loop
   vertex -66.42924229710985 -2.0 22.71890986010749
   vertex -66.30199730016645 105.0 22.771002942466705
   vertex -66.30199730016645 -2.0 22.771002942466705
  endloop
 endfacet
 facet normal 0.3794856408750344 0.0 -0.9251976266558753
  outer loop
   vertex -66.30199730016645 -2.0 22.771002942466705
   vertex -66.30199730016645 105.0 22.771002942466705
   vertex -66.17662341466581 105.0 22.82242718731715
  endloop
 endfacet
 facet normal 0.3794856408750344 0.0 -0.9251976266558753
  outer loop
   vertex -66.30199730016645 -2.0 22.771002942466705
   vertex -66.17662341466581 105.0 22.82242718731715
   vertex -66.17662341466581 -2.0 22.82242718731715
  endloop
 endfacet
 facet normal 0.3800901441550382 0.0 -0.9249494485193243
  outer loop
   vertex -66.17662341466581 -2.0 22.82242718731715
   vertex -66.17662341466581 105.0 22.82242718731715
   vertex -66.05312261578388 105.0 22.873177459697377
  endloop
 endfacet
 facet normal 0.3800901441550382 0.0 -0.9249494485193243
  outer loop
   vertex -66.17662341466581 -2.0 22.82242718731715
   vertex -66.05312261578388 105.0 22.873177459697377
   vertex -66.05312261578388 -2.0 22.873177459697377
  endloop
 endfacet
 facet normal 0.38068504467786285 0.0 -0.9247047619422176
  outer loop
   vertex -66.05312261578388 -2.0 22.873177459697377
   vertex -66.05312261578388 105.0 22.873177459697377
   vertex -65.93149684481507 105.0 22.92324869752467
  endloop
 endfacet
 facet normal 0.38068504467786285 0.0 -0.9247047619422176
  outer loop
   vertex -66.05312261578388 -2.0 22.873177459697377
   vertex -65.93149684481507 105.0 22.92324869752467
   vertex -65.93149684481507 -2.0 22.92324869752467
  endloop
 endfacet
 facet normal 0.38127035579085905 0.0 -0.924463582730608
  outer loop
   vertex -65.93149684481507 -2.0 22.92324869752467
   vertex -65.93149684481507 105.0 22.92324869752467
   vertex -65.81174800933198 105.0 22.972635911865037
  endloop
 endfacet
 facet normal 0.38127035579085905 0.0 -0.924463582730608
  outer loop
   vertex -65.93149684481507 -2.0 22.92324869752467
   vertex -65.81174800933198 105.0 22.972635911865037
   vertex -65.81174800933198 -2.0 22.972635911865037
  endloop
 endfacet
 facet normal 0.3818460906923375 0.0 -0.9242259263962352
  outer loop
   vertex -65.81174800933198 -2.0 22.972635911865037
   vertex -65.81174800933198 105.0 22.972635911865037
   vertex -65.69387798334397 105.0 23.021334187197805
  endloop
 endfacet
 facet normal 0.3818460906923375 0.0 -0.9242259263962352
  outer loop
   vertex -65.81174800933198 -2.0 22.972635911865037
   vertex -65.69387798334397 105.0 23.021334187197805
   vertex -65.69387798334397 -2.0 23.021334187197805
  endloop
 endfacet
 facet normal 0.3824122624279365 0.0 -0.9239918081588965
  outer loop
   vertex -65.69387798334397 -2.0 23.021334187197805
   vertex -65.69387798334397 105.0 23.021334187197805
   vertex -65.57788860745372 105.0 23.069338681675063
  endloop
 endfacet
 facet normal 0.3824122624279365 0.0 -0.9239918081588965
  outer loop
   vertex -65.69387798334397 -2.0 23.021334187197805
   vertex -65.57788860745372 105.0 23.069338681675063
   vertex -65.57788860745372 -2.0 23.069338681675063
  endloop
 endfacet
 facet normal 0.3829688838875979 0.0 -0.9237612429485703
  outer loop
   vertex -65.57788860745372 -2.0 23.069338681675063
   vertex -65.57788860745372 105.0 23.069338681675063
   vertex -65.46378168901218 105.0 23.11664462737584
  endloop
 endfacet
 facet normal 0.3829688838875979 0.0 -0.9237612429485703
  outer loop
   vertex -65.57788860745372 -2.0 23.069338681675063
   vertex -65.46378168901218 105.0 23.11664462737584
   vertex -65.46378168901218 -2.0 23.11664462737584
  endloop
 endfacet
 facet normal 0.38351596780342634 0.0 -0.9235342454071757
  outer loop
   vertex -65.46378168901218 -2.0 23.11664462737584
   vertex -65.46378168901218 105.0 23.11664462737584
   vertex -65.35155900227221 105.0 23.163247330555087
  endloop
 endfacet
 facet normal 0.38351596780342634 0.0 -0.9235342454071757
  outer loop
   vertex -65.46378168901218 -2.0 23.11664462737584
   vertex -65.35155900227221 105.0 23.163247330555087
   vertex -65.35155900227221 -2.0 23.163247330555087
  endloop
 endfacet
 facet normal 0.38405352674621623 0.0 -0.9233108298908841
  outer loop
   vertex -65.35155900227221 -2.0 23.163247330555087
   vertex -65.35155900227221 105.0 23.163247330555087
   vertex -65.24122228854011 105.0 23.209142171887564
  endloop
 endfacet
 facet normal 0.38405352674621623 0.0 -0.9233108298908841
  outer loop
   vertex -65.35155900227221 -2.0 23.163247330555087
   vertex -65.24122228854011 105.0 23.209142171887564
   vertex -65.24122228854011 -2.0 23.209142171887564
  endloop
 endfacet
 facet normal 0.3845815731226756 0.0 -0.9230910104721464
  outer loop
   vertex -65.24122228854011 -2.0 23.209142171887564
   vertex -65.24122228854011 105.0 23.209142171887564
   vertex -65.13277325632542 105.0 23.254324606706668
  endloop
 endfacet
 facet normal 0.3845815731226756 0.0 -0.9230910104721464
  outer loop
   vertex -65.24122228854011 -2.0 23.209142171887564
   vertex -65.13277325632542 105.0 23.254324606706668
   vertex -65.13277325632542 -2.0 23.254324606706668
  endloop
 endfacet
 facet normal 0.38510011917352793 0.0 -0.922874800941349
  outer loop
   vertex -65.13277325632542 -2.0 23.254324606706668
   vertex -65.13277325632542 105.0 23.254324606706668
   vertex -65.02621358148923 105.0 23.298790165238174
  endloop
 endfacet
 facet normal 0.38510011917352793 0.0 -0.922874800941349
  outer loop
   vertex -65.13277325632542 -2.0 23.254324606706668
   vertex -65.02621358148923 105.0 23.298790165238174
   vertex -65.02621358148923 -2.0 23.298790165238174
  endloop
 endfacet
 facet normal 0.3856091769698599 0.0 -0.9226622148092049
  outer loop
   vertex -65.02621358148923 -2.0 23.298790165238174
   vertex -65.02621358148923 105.0 23.298790165238174
   vertex -64.9215449073903 105.0 23.342534452829014
  endloop
 endfacet
 facet normal 0.3856091769698599 0.0 -0.9226622148092049
  outer loop
   vertex -65.02621358148923 -2.0 23.298790165238174
   vertex -64.9215449073903 105.0 23.342534452829014
   vertex -64.9215449073903 -2.0 23.342534452829014
  endloop
 endfacet
 facet normal 0.3861087584111792 0.0 -0.9224532653084261
  outer loop
   vertex -64.9215449073903 -2.0 23.342534452829014
   vertex -64.9215449073903 105.0 23.342534452829014
   vertex -64.81876884502947 105.0 23.38555315017111
  endloop
 endfacet
 facet normal 0.3861087584111792 0.0 -0.9224532653084261
  outer loop
   vertex -64.9215449073903 -2.0 23.342534452829014
   vertex -64.81876884502947 105.0 23.38555315017111
   vertex -64.81876884502947 -2.0 23.38555315017111
  endloop
 endfacet
 facet normal 0.38659887522270103 0.0 -0.9222479653957184
  outer loop
   vertex -64.81876884502947 -2.0 23.38555315017111
   vertex -64.81876884502947 105.0 23.38555315017111
   vertex -64.71788697319215 105.0 23.427842013520277
  endloop
 endfacet
 facet normal 0.38659887522270103 0.0 -0.9222479653957184
  outer loop
   vertex -64.81876884502947 -2.0 23.38555315017111
   vertex -64.71788697319215 105.0 23.427842013520277
   vertex -64.71788697319215 -2.0 23.427842013520277
  endloop
 endfacet
 facet normal 0.3870795389533598 0.0 -0.9220463277534674
  outer loop
   vertex -64.71788697319215 -2.0 23.427842013520277
   vertex -64.71788697319215 105.0 23.427842013520277
   vertex -64.61890083858897 105.0 23.4693968749103
  endloop
 endfacet
 facet normal 0.3870795389533598 0.0 -0.9220463277534674
  outer loop
   vertex -64.71788697319215 -2.0 23.427842013520277
   vertex -64.61890083858897 105.0 23.4693968749103
   vertex -64.61890083858897 -2.0 23.4693968749103
  endloop
 endfacet
 facet normal 0.3875507609723967 0.0 -0.9218483647920173
  outer loop
   vertex -64.61890083858897 -2.0 23.4693968749103
   vertex -64.61890083858897 105.0 23.4693968749103
   vertex -64.52181195599411 105.0 23.510213642362164
  endloop
 endfacet
 facet normal 0.3875507609723967 0.0 -0.9218483647920173
  outer loop
   vertex -64.61890083858897 -2.0 23.4693968749103
   vertex -64.52181195599411 105.0 23.510213642362164
   vertex -64.52181195599411 -2.0 23.510213642362164
  endloop
 endfacet
 facet normal 0.38801255246803185 0.0 -0.9216540886510747
  outer loop
   vertex -64.52181195599411 -2.0 23.510213642362164
   vertex -64.52181195599411 105.0 23.510213642362164
   vertex -64.42662180838201 105.0 23.55028830008851
  endloop
 endfacet
 facet normal 0.38801255246803185 0.0 -0.9216540886510747
  outer loop
   vertex -64.52181195599411 -2.0 23.510213642362164
   vertex -64.42662180838201 105.0 23.55028830008851
   vertex -64.42662180838201 -2.0 23.55028830008851
  endloop
 endfacet
 facet normal 0.388464924444655 0.0 -0.9214635112017234
  outer loop
   vertex -64.42662180838201 -2.0 23.55028830008851
   vertex -64.42662180838201 105.0 23.55028830008851
   vertex -64.33333184706177 105.0 23.58961690869337
  endloop
 endfacet
 facet normal 0.388464924444655 0.0 -0.9214635112017234
  outer loop
   vertex -64.42662180838201 -2.0 23.55028830008851
   vertex -64.33333184706177 105.0 23.58961690869337
   vertex -64.33333184706177 -2.0 23.58961690869337
  endloop
 endfacet
 facet normal 0.38890788772087054 0.0 -0.921276644048079
  outer loop
   vertex -64.33333184706177 -2.0 23.58961690869337
   vertex -64.33333184706177 105.0 23.58961690869337
   vertex -64.2419434918096 105.0 23.628195605367193
  endloop
 endfacet
 facet normal 0.38890788772087054 0.0 -0.921276644048079
  outer loop
   vertex -64.33333184706177 -2.0 23.58961690869337
   vertex -64.2419434918096 105.0 23.628195605367193
   vertex -64.2419434918096 -2.0 23.628195605367193
  endloop
 endfacet
 facet normal 0.3893414529271508 0.0 -0.9210934985290988
  outer loop
   vertex -64.2419434918096 -2.0 23.628195605367193
   vertex -64.2419434918096 105.0 23.628195605367193
   vertex -64.15245813099904 105.0 23.666020604077236
  endloop
 endfacet
 facet normal 0.3893414529271508 0.0 -0.9210934985290988
  outer loop
   vertex -64.2419434918096 -2.0 23.628195605367193
   vertex -64.15245813099904 105.0 23.666020604077236
   vertex -64.15245813099904 -2.0 23.666020604077236
  endloop
 endfacet
 facet normal 0.38976563050357976 0.0 -0.9209140857203493
  outer loop
   vertex -64.15245813099904 -2.0 23.666020604077236
   vertex -64.15245813099904 105.0 23.666020604077236
   vertex -64.06487712172913 105.0 23.70308819575331
  endloop
 endfacet
 facet normal 0.38976563050357976 0.0 -0.9209140857203493
  outer loop
   vertex -64.15245813099904 -2.0 23.666020604077236
   vertex -64.06487712172913 105.0 23.70308819575331
   vertex -64.06487712172913 -2.0 23.70308819575331
  endloop
 endfacet
 facet normal 0.39018043069834557 0.0 -0.9207384164354465
  outer loop
   vertex -64.06487712172913 -2.0 23.70308819575331
   vertex -64.06487712172913 105.0 23.70308819575331
   vertex -63.97920178995034 105.0 23.739394748468996
  endloop
 endfacet
 facet normal 0.39018043069834557 0.0 -0.9207384164354465
  outer loop
   vertex -64.06487712172913 -2.0 23.70308819575331
   vertex -63.97920178995034 105.0 23.739394748468996
   vertex -63.97920178995034 -2.0 23.739394748468996
  endloop
 endfacet
 facet normal 0.3905858635647795 0.0 -0.9205665012281056
  outer loop
   vertex -63.97920178995034 -2.0 23.739394748468996
   vertex -63.97920178995034 105.0 23.739394748468996
   vertex -63.89543343058824 105.0 23.77493670761828
  endloop
 endfacet
 facet normal 0.3905858635647795 0.0 -0.9205665012281056
  outer loop
   vertex -63.97920178995034 -2.0 23.739394748468996
   vertex -63.89543343058824 105.0 23.77493670761828
   vertex -63.89543343058824 -2.0 23.77493670761828
  endloop
 endfacet
 facet normal 0.39098193896102024 0.0 -0.9203983503930682
  outer loop
   vertex -63.89543343058824 -2.0 23.77493670761828
   vertex -63.89543343058824 105.0 23.77493670761828
   vertex -63.81357330766514 105.0 23.80971059608776
  endloop
 endfacet
 facet normal 0.39098193896102024 0.0 -0.9203983503930682
  outer loop
   vertex -63.89543343058824 -2.0 23.77493670761828
   vertex -63.81357330766514 105.0 23.80971059608776
   vertex -63.81357330766514 -2.0 23.80971059608776
  endloop
 endfacet
 facet normal 0.39136866654566355 0.0 -0.9202339739687235
  outer loop
   vertex -63.81357330766514 -2.0 23.80971059608776
   vertex -63.81357330766514 105.0 23.80971059608776
   vertex -63.73362265441901 105.0 23.843713014424313
  endloop
 endfacet
 facet normal 0.39136866654566355 0.0 -0.9202339739687235
  outer loop
   vertex -63.81357330766514 -2.0 23.80971059608776
   vertex -63.73362265441901 105.0 23.843713014424313
   vertex -63.73362265441901 -2.0 23.843713014424313
  endloop
 endfacet
 facet normal 0.3917460557787872 0.0 -0.920073381737437
  outer loop
   vertex -63.73362265441901 -2.0 23.843713014424313
   vertex -63.73362265441901 105.0 23.843713014424313
   vertex -63.655582673420696 105.0 23.876940640998413
  endloop
 endfacet
 facet normal 0.3917460557787872 0.0 -0.920073381737437
  outer loop
   vertex -63.73362265441901 -2.0 23.843713014424313
   vertex -63.655582673420696 105.0 23.876940640998413
   vertex -63.655582673420696 -2.0 23.876940640998413
  endloop
 endfacet
 facet normal 0.3921141159173008 0.0 -0.9199165832282803
  outer loop
   vertex -63.655582673420696 -2.0 23.876940640998413
   vertex -63.655582673420696 105.0 23.876940640998413
   vertex -63.57945453668816 105.0 23.90939023216303
  endloop
 endfacet
 facet normal 0.3921141159173008 0.0 -0.9199165832282803
  outer loop
   vertex -63.655582673420696 -2.0 23.876940640998413
   vertex -63.57945453668816 105.0 23.90939023216303
   vertex -63.57945453668816 -2.0 23.90939023216303
  endloop
 endfacet
 facet normal 0.39247285601575793 0.0 -0.9197635877174275
  outer loop
   vertex -63.57945453668816 -2.0 23.90939023216303
   vertex -63.57945453668816 105.0 23.90939023216303
   vertex -63.505239385798916 105.0 23.94105862240821
  endloop
 endfacet
 facet normal 0.39247285601575793 0.0 -0.9197635877174275
  outer loop
   vertex -63.57945453668816 -2.0 23.90939023216303
   vertex -63.505239385798916 105.0 23.94105862240821
   vertex -63.505239385798916 -2.0 23.94105862240821
  endloop
 endfacet
 facet normal 0.3928222849226907 0.0 -0.9196144042304449
  outer loop
   vertex -63.505239385798916 -2.0 23.94105862240821
   vertex -63.505239385798916 105.0 23.94105862240821
   vertex -63.43293833199965 105.0 23.971942724511322
  endloop
 endfacet
 facet normal 0.3928222849226907 0.0 -0.9196144042304449
  outer loop
   vertex -63.505239385798916 -2.0 23.94105862240821
   vertex -63.43293833199965 105.0 23.971942724511322
   vertex -63.43293833199965 -2.0 23.971942724511322
  endloop
 endfacet
 facet normal 0.393162411280007 0.0 -0.919469041543265
  outer loop
   vertex -63.43293833199965 -2.0 23.971942724511322
   vertex -63.43293833199965 105.0 23.971942724511322
   vertex -63.36255245631369 105.0 24.00203952968303
  endloop
 endfacet
 facet normal 0.393162411280007 0.0 -0.919469041543265
  outer loop
   vertex -63.43293833199965 -2.0 23.971942724511322
   vertex -63.36255245631369 105.0 24.00203952968303
   vertex -63.36255245631369 -2.0 24.00203952968303
  endloop
 endfacet
 facet normal 0.39349324352136145 0.0 -0.9193275081835844
  outer loop
   vertex -63.36255245631369 -2.0 24.00203952968303
   vertex -63.36255245631369 105.0 24.00203952968303
   vertex -63.2940828096459 105.0 24.031346107709076
  endloop
 endfacet
 facet normal 0.39349324352136145 0.0 -0.9193275081835844
  outer loop
   vertex -63.36255245631369 -2.0 24.00203952968303
   vertex -63.2940828096459 105.0 24.031346107709076
   vertex -63.2940828096459 -2.0 24.031346107709076
  endloop
 endfacet
 facet normal 0.3938147898699075 0.0 -0.9191898124325142
  outer loop
   vertex -63.2940828096459 -2.0 24.031346107709076
   vertex -63.2940828096459 105.0 24.031346107709076
   vertex -63.2275304128851 105.0 24.059859607087766
  endloop
 endfacet
 facet normal 0.3938147898699075 0.0 -0.9191898124325142
  outer loop
   vertex -63.2940828096459 -2.0 24.031346107709076
   vertex -63.2275304128851 105.0 24.059859607087766
   vertex -63.2275304128851 -2.0 24.059859607087766
  endloop
 endfacet
 facet normal 0.4847498341288237 0.0 -0.8746528444543458
  outer loop
   vertex -63.2275304128851 -2.0 24.059859607087766
   vertex -63.2275304128851 105.0 24.059859607087766
   vertex -63.18790644097035 105.0 24.081819992782485
  endloop
 endfacet
 facet normal 0.4847498341288237 0.0 -0.8746528444543458
  outer loop
   vertex -63.2275304128851 -2.0 24.059859607087766
   vertex -63.18790644097035 105.0 24.081819992782485
   vertex -63.18790644097035 -2.0 24.081819992782485
  endloop
 endfacet
endsolid wing-suction
solid wing-pressure
 facet normal -0.9760361266513474 0.0 0.21760854641175018
  outer loop
   vertex -136.3967177975174 -2.0 14.157314125031924
   vertex -136.31410024704454 -2.0 14.527877300452314
   vertex -136.31410024704454 105.0 14.527877300452314
  endloop
 endfacet
 facet normal -0.9760361266513474 0.0 0.21760854641175018
  outer loop
   vertex -136.3967177975174 -2.0 14.157314125031924
   vertex -136.31410024704454 105.0 14.527877300452314
   vertex -136.3967177975174 105.0 14.157314125031924
  endloop
 endfacet
 facet normal -0.868707905493786 0.0 0.49532471665827377
  outer loop
   vertex -136.31410024704454 -2.0 14.527877300452314
   vertex -136.11107171645634 -2.0 14.883951777721808
   vertex -136.11107171645634 105.0 14.883951777721808
  endloop
 endfacet
 facet normal -0.868707905493786 0.0 0.49532471665827377
  outer loop
   vertex -136.31410024704454 -2.0 14.527877300452314
   vertex -136.11107171645634 105.0 14.883951777721808
   vertex -136.31410024704454 105.0 14.527877300452314
  endloop
 endfacet
 facet normal -0.7515305941900283 0.0 0.659698238588207
  outer loop
   vertex -136.11107171645634 -2.0 14.883951777721808
   vertex -135.82729108594833 -2.0 15.207235687531409
   vertex -135.82729108594833 105.0 15.207235687531409
  endloop
 endfacet
 facet normal -0.7515305941900283 0.0 0.659698238588207
  outer loop
   vertex -136.11107171645634 -2.0 14.883951777721808
   vertex -135.82729108594833 105.0 15.207235687531409
   vertex -136.11107171645634 105.0 14.883951777721808
  endloop
 endfacet
 facet normal -0.6422996904944538 0.0 0.7664535912830789
  outer loop
   vertex -135.82729108594833 -2.0 15.207235687531409
   vertex -135.50216748751174 -2.0 15.47969417559026
   vertex -135.50216748751174 105.0 15.47969417559026
  endloop
 endfacet
 facet normal -0.6422996904944538 0.0 0.7664535912830789
  outer loop
   vertex -135.82729108594833 -2.0 15.207235687531409
   vertex -135.50216748751174 105.0 15.47969417559026
   vertex -135.82729108594833 105.0 15.207235687531409
  endloop
 endfacet
 facet normal -0.5383195727559431 0.0 0.8427407890851487
  outer loop
   vertex -135.50216748751174 -2.0 15.47969417559026
   vertex -135.16099382164663 -2.0 15.697626503564397
   vertex -135.16099382164663 105.0 15.697626503564397
  endloop
 endfacet
 facet normal -0.5383195727559431 0.0 0.8427407890851487
  outer loop
   vertex -135.50216748751174 -2.0 15.47969417559026
   vertex -135.16099382164663 105.0 15.697626503564397
   vertex -135.50216748751174 105.0 15.47969417559026
  endloop
 endfacet
 facet normal -0.4567896660711243 0.0 0.8895747304024719
  outer loop
   vertex -135.16099382164663 -2.0 15.697626503564397
   vertex -134.80766717908836 -2.0 15.87905697090153
   vertex -134.80766717908836 105.0 15.87905697090153
  endloop
 endfacet
 facet normal -0.4567896660711243 0.0 0.8895747304024719
  outer loop
   vertex -135.16099382164663 -2.0 15.697626503564397
   vertex -134.80766717908836 105.0 15.87905697090153
   vertex -135.16099382164663 105.0 15.697626503564397
  endloop
 endfacet
 facet normal -0.40930090569455213 0.0 0.912399456706118
  outer loop
   vertex -134.80766717908836 -2.0 15.87905697090153
   vertex -134.44426259013207 -2.0 16.04207967581451
   vertex -134.44426259013207 105.0 16.04207967581451
  endloop
 endfacet
 facet normal -0.40930090569455213 0.0 0.912399456706118
  outer loop
   vertex -134.80766717908836 -2.0 15.87905697090153
   vertex -134.44426259013207 105.0 16.04207967581451
   vertex -134.80766717908836 105.0 15.87905697090153
  endloop
 endfacet
 facet normal -0.3754564605283615 0.0 0.9268400327173588
  outer loop
   vertex -134.44426259013207 -2.0 16.04207967581451
   vertex -134.07262105135044 -2.0 16.19262908219607
   vertex -134.07262105135044 105.0 16.19262908219607
  endloop
 endfacet
 facet normal -0.3754564605283615 0.0 0.9268400327173588
  outer loop
   vertex -134.44426259013207 -2.0 16.04207967581451
   vertex -134.07262105135044 105.0 16.19262908219607
   vertex -134.44426259013207 105.0 16.04207967581451
  endloop
 endfacet
 facet normal -0.3445759736773196 0.0 0.9387584345103521
  outer loop
   vertex -134.07262105135044 -2.0 16.19262908219607
   vertex -133.6944820026096 -2.0 16.33142690932106
   vertex -133.6944820026096 105.0 16.33142690932106
  endloop
 endfacet
 facet normal -0.3445759736773196 0.0 0.9387584345103521
  outer loop
   vertex -134.07262105135044 -2.0 16.19262908219607
   vertex -133.6944820026096 105.0 16.33142690932106
   vertex -134.07262105135044 105.0 16.19262908219607
  endloop
 endfacet
 facet normal -0.31648372232338373 0.0 0.9485979409129746
  outer loop
   vertex -133.6944820026096 -2.0 16.33142690932106
   vertex -133.31158223639295 -2.0 16.459174965755132
   vertex -133.31158223639295 105.0 16.459174965755132
  endloop
 endfacet
 facet normal -0.31648372232338373 0.0 0.9485979409129746
  outer loop
   vertex -133.6944820026096 -2.0 16.33142690932106
   vertex -133.31158223639295 105.0 16.459174965755132
   vertex -133.6944820026096 105.0 16.33142690932106
  endloop
 endfacet
 facet normal -0.2910348184066547 0.0 0.9567124617537944
  outer loop
   vertex -133.31158223639295 -2.0 16.459174965755132
   vertex -132.9256557919411 -2.0 16.57657495495719
   vertex -132.9256557919411 105.0 16.57657495495719
  endloop
 endfacet
 facet normal -0.2910348184066547 0.0 0.9567124617537944
  outer loop
   vertex -133.31158223639295 -2.0 16.459174965755132
   vertex -132.9256557919411 105.0 16.57657495495719
   vertex -133.31158223639295 105.0 16.459174965755132
  endloop
 endfacet
 facet normal -0.2681705633449165 0.0 0.9633714491073888
  outer loop
   vertex -132.9256557919411 -2.0 16.57657495495719
   vertex -132.53813560248958 -2.0 16.6844476842238
   vertex -132.53813560248958 105.0 16.6844476842238
  endloop
 endfacet
 facet normal -0.2681705633449165 0.0 0.9633714491073888
  outer loop
   vertex -132.9256557919411 -2.0 16.57657495495719
   vertex -132.53813560248958 105.0 16.6844476842238
   vertex -132.9256557919411 105.0 16.57657495495719
  endloop
 endfacet
 facet normal -0.24816993261940384 0.0 0.968716514024449
  outer loop
   vertex -132.53813560248958 -2.0 16.6844476842238
   vertex -132.14939363323626 -2.0 16.784037261689697
   vertex -132.14939363323626 105.0 16.784037261689697
  endloop
 endfacet
 facet normal -0.24816993261940384 0.0 0.968716514024449
  outer loop
   vertex -132.53813560248958 -2.0 16.6844476842238
   vertex -132.14939363323626 105.0 16.784037261689697
   vertex -132.53813560248958 105.0 16.6844476842238
  endloop
 endfacet
 facet normal -0.23121086536098537 0.0 0.9729036621058759
  outer loop
   vertex -132.14939363323626 -2.0 16.784037261689697
   vertex -131.7595663795364 -2.0 16.87667983276826
   vertex -131.7595663795364 105.0 16.87667983276826
  endloop
 endfacet
 facet normal -0.23121086536098537 0.0 0.9729036621058759
  outer loop
   vertex -132.14939363323626 -2.0 16.784037261689697
   vertex -131.7595663795364 105.0 16.87667983276826
   vertex -132.14939363323626 105.0 16.784037261689697
  endloop
 endfacet
 facet normal -0.21738244560765516 0.0 0.9760865086362145
  outer loop
   vertex -131.7595663795364 -2.0 16.87667983276826
   vertex -131.36879015104952 -2.0 16.963708893699042
   vertex -131.36879015104952 105.0 16.963708893699042
  endloop
 endfacet
 facet normal -0.21738244560765516 0.0 0.9760865086362145
  outer loop
   vertex -131.7595663795364 -2.0 16.87667983276826
   vertex -131.36879015104952 105.0 16.963708893699042
   vertex -131.7595663795364 105.0 16.87667983276826
  endloop
 endfacet
 facet normal -0.2067242425207967 0.0 0.9783992475233221
  outer loop
   vertex -131.36879015104952 -2.0 16.963708893699042
   vertex -130.97720092136063 -2.0 17.046447087837738
   vertex -130.97720092136063 105.0 17.046447087837738
  endloop
 endfacet
 facet normal -0.2067242425207967 0.0 0.9783992475233221
  outer loop
   vertex -131.36879015104952 -2.0 16.963708893699042
   vertex -130.97720092136063 105.0 17.046447087837738
   vertex -131.36879015104952 105.0 16.963708893699042
  endloop
 endfacet
 facet normal -0.19818793652570346 0.0 0.980164038217932
  outer loop
   vertex -130.97720092136063 -2.0 17.046447087837738
   vertex -130.58492775418554 -2.0 17.125764229178877
   vertex -130.58492775418554 105.0 17.125764229178877
  endloop
 endfacet
 facet normal -0.19818793652570346 0.0 0.980164038217932
  outer loop
   vertex -130.97720092136063 -2.0 17.046447087837738
   vertex -130.58492775418554 105.0 17.125764229178877
   vertex -130.97720092136063 105.0 17.046447087837738
  endloop
 endfacet
 facet normal -0.1901323703052997 0.0 0.9817584640643994
  outer loop
   vertex -130.58492775418554 -2.0 17.125764229178877
   vertex -130.19208930993767 -2.0 17.201843333445193
   vertex -130.19208930993767 105.0 17.201843333445193
  endloop
 endfacet
 facet normal -0.1901323703052997 0.0 0.9817584640643994
  outer loop
   vertex -130.58492775418554 -2.0 17.125764229178877
   vertex -130.19208930993767 105.0 17.201843333445193
   vertex -130.58492775418554 105.0 17.125764229178877
  endloop
 endfacet
 facet normal -0.18241696676950547 0.0 0.9832212620944552
  outer loop
   vertex -130.19208930993767 -2.0 17.201843333445193
   vertex -129.7988031326649 -2.0 17.274809688320037
   vertex -129.7988031326649 105.0 17.274809688320037
  endloop
 endfacet
 facet normal -0.18241696676950547 0.0 0.9832212620944552
  outer loop
   vertex -130.19208930993767 -2.0 17.201843333445193
   vertex -129.7988031326649 105.0 17.274809688320037
   vertex -130.19208930993767 105.0 17.201843333445193
  endloop
 endfacet
 facet normal -0.17503944470541816 0.0 0.9845614215462734
  outer loop
   vertex -129.7988031326649 -2.0 17.274809688320037
   vertex -129.40518647523746 -2.0 17.344788502881645
   vertex -129.40518647523746 105.0 17.344788502881645
  endloop
 endfacet
 facet normal -0.17503944470541816 0.0 0.9845614215462734
  outer loop
   vertex -129.7988031326649 -2.0 17.274809688320037
   vertex -129.40518647523746 105.0 17.344788502881645
   vertex -129.7988031326649 105.0 17.274809688320037
  endloop
 endfacet
 facet normal -0.16800274558557665 0.0 0.9857865273352584
  outer loop
   vertex -129.40518647523746 -2.0 17.344788502881645
   vertex -129.0113529434148 -2.0 17.411907613170893
   vertex -129.0113529434148 105.0 17.411907613170893
  endloop
 endfacet
 facet normal -0.16800274558557665 0.0 0.9857865273352584
  outer loop
   vertex -129.40518647523746 -2.0 17.344788502881645
   vertex -129.0113529434148 105.0 17.411907613170893
   vertex -129.40518647523746 105.0 17.344788502881645
  endloop
 endfacet
 facet normal -0.16137165238964846 0.0 0.9868937074503182
  outer loop
   vertex -129.0113529434148 -2.0 17.411907613170893
   vertex -128.61737422344203 -2.0 17.476328934908388
   vertex -128.61737422344203 105.0 17.476328934908388
  endloop
 endfacet
 facet normal -0.16137165238964846 0.0 0.9868937074503182
  outer loop
   vertex -129.0113529434148 -2.0 17.411907613170893
   vertex -128.61737422344203 105.0 17.476328934908388
   vertex -129.0113529434148 105.0 17.411907613170893
  endloop
 endfacet
 facet normal -0.15519240062006273 0.0 0.9878842638638303
  outer loop
   vertex -128.61737422344203 -2.0 17.476328934908388
   vertex -128.223293537855 -2.0 17.538237328301605
   vertex -128.223293537855 105.0 17.538237328301605
  endloop
 endfacet
 facet normal -0.15519240062006273 0.0 0.9878842638638303
  outer loop
   vertex -128.61737422344203 -2.0 17.476328934908388
   vertex -128.223293537855 105.0 17.538237328301605
   vertex -128.61737422344203 105.0 17.476328934908388
  endloop
 endfacet
 facet normal -0.14946721628037252 0.0 0.9887666819110545
  outer loop
   vertex -128.223293537855 -2.0 17.538237328301605
   vertex -127.8291534725002 -2.0 17.59781763118892
   vertex -127.8291534725002 105.0 17.59781763118892
  endloop
 endfacet
 facet normal -0.14946721628037252 0.0 0.9887666819110545
  outer loop
   vertex -128.223293537855 -2.0 17.538237328301605
   vertex -127.8291534725002 105.0 17.59781763118892
   vertex -128.223293537855 105.0 17.538237328301605
  endloop
 endfacet
 facet normal -0.14419702690693934 0.0 0.989548996983575
  outer loop
   vertex -127.8291534725002 -2.0 17.59781763118892
   vertex -127.43499651103761 -2.0 17.655254162528784
   vertex -127.43499651103761 105.0 17.655254162528784
  endloop
 endfacet
 facet normal -0.14419702690693934 0.0 0.989548996983575
  outer loop
   vertex -127.8291534725002 -2.0 17.59781763118892
   vertex -127.43499651103761 105.0 17.655254162528784
   vertex -127.8291534725002 105.0 17.59781763118892
  endloop
 endfacet
 facet normal -0.13938237978865176 0.0 0.9902386339688288
  outer loop
   vertex -127.43499651103761 -2.0 17.655254162528784
   vertex -127.04086502627501 -2.0 17.710730673352916
   vertex -127.04086502627501 105.0 17.710730673352916
  endloop
 endfacet
 facet normal -0.13938237978865176 0.0 0.9902386339688288
  outer loop
   vertex -127.43499651103761 -2.0 17.655254162528784
   vertex -127.04086502627501 105.0 17.710730673352916
   vertex -127.43499651103761 105.0 17.655254162528784
  endloop
 endfacet
 facet normal -0.13502349339926792 0.0 0.9908423972712602
  outer loop
   vertex -127.04086502627501 -2.0 17.710730673352916
   vertex -126.64680127154509 -2.0 17.764430297967486
   vertex -126.64680127154509 105.0 17.764430297967486
  endloop
 endfacet
 facet normal -0.13502349339926792 0.0 0.9908423972712602
  outer loop
   vertex -127.04086502627501 -2.0 17.710730673352916
   vertex -126.64680127154509 105.0 17.764430297967486
   vertex -127.04086502627501 105.0 17.710730673352916
  endloop
 endfacet
 facet normal -0.13112030451657253 0.0 0.9913664638989365
  outer loop
   vertex -126.64680127154509 -2.0 17.764430297967486
   vertex -126.25284737212799 -2.0 17.81653550541409
   vertex -126.25284737212799 105.0 17.81653550541409
  endloop
 endfacet
 facet normal -0.13112030451657253 0.0 0.9913664638989365
  outer loop
   vertex -126.64680127154509 -2.0 17.764430297967486
   vertex -126.25284737212799 105.0 17.81653550541409
   vertex -126.64680127154509 105.0 17.764430297967486
  endloop
 endfacet
 facet normal -0.12767251090654008 0.0 0.9918163791543368
  outer loop
   vertex -126.25284737212799 -2.0 17.81653550541409
   vertex -125.85904531672102 -2.0 17.86722805120249
   vertex -125.85904531672102 105.0 17.86722805120249
  endloop
 endfacet
 facet normal -0.12767251090654008 0.0 0.9918163791543368
  outer loop
   vertex -126.25284737212799 -2.0 17.81653550541409
   vertex -125.85904531672102 105.0 17.86722805120249
   vertex -126.25284737212799 105.0 17.81653550541409
  endloop
 endfacet
 facet normal -0.12467872962642748 0.0 0.9921971650729204
  outer loop
   vertex -125.85904531672102 -2.0 17.86722805120249
   vertex -125.46543689483212 -2.0 17.916688581567705
   vertex -125.46543689483212 105.0 17.916688581567705
  endloop
 endfacet
 facet normal -0.12467872962642748 0.0 0.9921971650729204
  outer loop
   vertex -125.85904531672102 -2.0 17.86722805120249
   vertex -125.46543689483212 105.0 17.916688581567705
   vertex -125.85904531672102 105.0 17.86722805120249
  endloop
 endfacet
 facet normal -0.12200238070480686 0.0 0.9925298076644145
  outer loop
   vertex -125.46543689483212 -2.0 17.916688581567705
   vertex -125.0720553918377 -2.0 17.965043280358557
   vertex -125.0720553918377 105.0 17.965043280358557
  endloop
 endfacet
 facet normal -0.12200238070480686 0.0 0.9925298076644145
  outer loop
   vertex -125.46543689483212 -2.0 17.916688581567705
   vertex -125.0720553918377 105.0 17.965043280358557
   vertex -125.46543689483212 105.0 17.916688581567705
  endloop
 endfacet
 facet normal -0.11936149225457804 0.0 0.9928508619962821
  outer loop
   vertex -125.0720553918377 -2.0 17.965043280358557
   vertex -124.67891670477555 -2.0 18.01230679409152
   vertex -124.67891670477555 105.0 18.01230679409152
  endloop
 endfacet
 facet normal -0.11936149225457804 0.0 0.9928508619962821
  outer loop
   vertex -125.0720553918377 -2.0 17.965043280358557
   vertex -124.67891670477555 105.0 18.01230679409152
   vertex -125.0720553918377 105.0 17.965043280358557
  endloop
 endfacet
 facet normal -0.11672115368918091 0.0 0.9931647256530342
  outer loop
   vertex -124.67891670477555 -2.0 18.01230679409152
   vertex -124.28603456700506 -2.0 18.058480057398157
   vertex -124.28603456700506 105.0 18.058480057398157
  endloop
 endfacet
 facet normal -0.11672115368918091 0.0 0.9931647256530342
  outer loop
   vertex -124.67891670477555 -2.0 18.01230679409152
   vertex -124.28603456700506 105.0 18.058480057398157
   vertex -124.67891670477555 105.0 18.01230679409152
  endloop
 endfacet
 facet normal -0.114081445350709 0.0 0.9934714006083382
  outer loop
   vertex -124.28603456700506 -2.0 18.058480057398157
   vertex -123.8934226996493 -2.0 18.10356412248786
   vertex -123.8934226996493 105.0 18.10356412248786
  endloop
 endfacet
 facet normal -0.114081445350709 0.0 0.9934714006083382
  outer loop
   vertex -124.28603456700506 -2.0 18.058480057398157
   vertex -123.8934226996493 105.0 18.10356412248786
   vertex -124.28603456700506 105.0 18.058480057398157
  endloop
 endfacet
 facet normal -0.11144244778743512 0.0 0.9937708895068041
  outer loop
   vertex -123.8934226996493 -2.0 18.10356412248786
   vertex -123.50109481058047 -2.0 18.147560158953375
   vertex -123.50109481058047 105.0 18.147560158953375
  endloop
 endfacet
 facet normal -0.11144244778743512 0.0 0.9937708895068041
  outer loop
   vertex -123.8934226996493 -2.0 18.10356412248786
   vertex -123.50109481058047 105.0 18.147560158953375
   vertex -123.8934226996493 105.0 18.10356412248786
  endloop
 endfacet
 facet normal -0.10880424175150838 0.0 0.9940631956655871
  outer loop
   vertex -123.50109481058047 -2.0 18.147560158953375
   vertex -123.10906459340947 -2.0 18.190469453562567
   vertex -123.10906459340947 105.0 18.190469453562567
  endloop
 endfacet
 facet normal -0.10880424175150838 0.0 0.9940631956655871
  outer loop
   vertex -123.50109481058047 -2.0 18.147560158953375
   vertex -123.10906459340947 105.0 18.190469453562567
   vertex -123.50109481058047 105.0 18.147560158953375
  endloop
 endfacet
 facet normal -0.1061669081967465 0.0 0.9943483230759449
  outer loop
   vertex -123.10906459340947 -2.0 18.190469453562567
   vertex -122.71734572647992 -2.0 18.232293410036487
   vertex -122.71734572647992 105.0 18.232293410036487
  endloop
 endfacet
 facet normal -0.1061669081967465 0.0 0.9943483230759449
  outer loop
   vertex -123.10906459340947 -2.0 18.190469453562567
   vertex -122.71734572647992 105.0 18.232293410036487
   vertex -123.10906459340947 105.0 18.190469453562567
  endloop
 endfacet
 facet normal -0.1035305282761993 0.0 0.9946262764047867
  outer loop
   vertex -122.71734572647992 -2.0 18.232293410036487
   vertex -122.32595187186645 -2.0 18.273033548813697
   vertex -122.32595187186645 105.0 18.273033548813697
  endloop
 endfacet
 facet normal -0.1035305282761993 0.0 0.9946262764047867
  outer loop
   vertex -122.71734572647992 -2.0 18.232293410036487
   vertex -122.32595187186645 105.0 18.273033548813697
   vertex -122.71734572647992 105.0 18.232293410036487
  endloop
 endfacet
 facet normal -0.10089518333972254 0.0 0.9948970609961836
  outer loop
   vertex -122.32595187186645 -2.0 18.273033548813697
   vertex -121.93489667437764 -2.0 18.312691506800906
   vertex -121.93489667437764 105.0 18.312691506800906
  endloop
 endfacet
 facet normal -0.10089518333972254 0.0 0.9948970609961836
  outer loop
   vertex -122.32595187186645 -2.0 18.273033548813697
   vertex -121.93489667437764 105.0 18.312691506800906
   vertex -122.32595187186645 105.0 18.273033548813697
  endloop
 endfacet
 facet normal -0.09828281605418702 0.0 0.9951585240897347
  outer loop
   vertex -121.93489667437764 -2.0 18.312691506800906
   vertex -121.54419443320957 -2.0 18.351277637122006
   vertex -121.54419443320957 105.0 18.351277637122006
  endloop
 endfacet
 facet normal -0.09828281605418702 0.0 0.9951585240897347
  outer loop
   vertex -121.93489667437764 -2.0 18.312691506800906
   vertex -121.54419443320957 105.0 18.351277637122006
   vertex -121.93489667437764 105.0 18.312691506800906
  endloop
 endfacet
 facet normal -0.09590203886582471 0.0 0.995390777002368
  outer loop
   vertex -121.54419443320957 -2.0 18.351277637122006
   vertex -121.153865832078 -2.0 18.38888428321621
   vertex -121.153865832078 105.0 18.38888428321621
  endloop
 endfacet
 facet normal -0.09590203886582471 0.0 0.995390777002368
  outer loop
   vertex -121.54419443320957 -2.0 18.351277637122006
   vertex -121.153865832078 105.0 18.38888428321621
   vertex -121.54419443320957 105.0 18.351277637122006
  endloop
 endfacet
 facet normal -0.09386796220837579 0.0 0.9955846552005746
  outer loop
   vertex -121.153865832078 -2.0 18.38888428321621
   vertex -120.76393503190285 -2.0 18.425648620054396
   vertex -120.76393503190285 105.0 18.425648620054396
  endloop
 endfacet
 facet normal -0.09386796220837579 0.0 0.9955846552005746
  outer loop
   vertex -121.153865832078 -2.0 18.38888428321621
   vertex -120.76393503190285 105.0 18.425648620054396
   vertex -121.153865832078 105.0 18.38888428321621
  endloop
 endfacet
 facet normal -0.09218084024685838 0.0 0.9957422822655384
  outer loop
   vertex -120.76393503190285 -2.0 18.425648620054396
   vertex -120.37442613079192 -2.0 18.461707405974728
   vertex -120.37442613079192 105.0 18.461707405974728
  endloop
 endfacet
 facet normal -0.09218084024685838 0.0 0.9957422822655384
  outer loop
   vertex -120.76393503190285 -2.0 18.425648620054396
   vertex -120.37442613079192 105.0 18.461707405974728
   vertex -120.76393503190285 105.0 18.425648620054396
  endloop
 endfacet
 facet normal -0.09083959822992706 0.0 0.9958655368037522
  outer loop
   vertex -120.37442613079192 -2.0 18.461707405974728
   vertex -119.98536312233396 -2.0 18.497196461543293
   vertex -119.98536312233396 105.0 18.497196461543293
  endloop
 endfacet
 facet normal -0.09083959822992706 0.0 0.9958655368037522
  outer loop
   vertex -120.37442613079192 -2.0 18.461707405974728
   vertex -119.98536312233396 105.0 18.497196461543293
   vertex -120.37442613079192 105.0 18.461707405974728
  endloop
 endfacet
 facet normal -0.08984307955284 0.0 0.9959559332904555
  outer loop
   vertex -119.98536312233396 -2.0 18.497196461543293
   vertex -119.59676989199261 -2.0 18.532250635468348
   vertex -119.59676989199261 105.0 18.532250635468348
  endloop
 endfacet
 facet normal -0.08984307955284 0.0 0.9959559332904555
  outer loop
   vertex -119.98536312233396 -2.0 18.497196461543293
   vertex -119.59676989199261 105.0 18.532250635468348
   vertex -119.98536312233396 105.0 18.497196461543293
  endloop
 endfacet
 facet normal -0.08919005362141356 0.0 0.9960146255628024
  outer loop
   vertex -119.59676989199261 -2.0 18.532250635468348
   vertex -119.2086702135343 -2.0 18.56700377085789
   vertex -119.2086702135343 105.0 18.56700377085789
  endloop
 endfacet
 facet normal -0.08919005362141356 0.0 0.9960146255628024
  outer loop
   vertex -119.59676989199261 -2.0 18.532250635468348
   vertex -119.2086702135343 105.0 18.56700377085789
   vertex -119.59676989199261 105.0 18.532250635468348
  endloop
 endfacet
 facet normal -0.08887922178432962 0.0 0.9960424107110158
  outer loop
   vertex -119.2086702135343 -2.0 18.56700377085789
   vertex -118.8210877454907 -2.0 18.601588671828498
   vertex -118.8210877454907 105.0 18.601588671828498
  endloop
 endfacet
 facet normal -0.08887922178432962 0.0 0.9960424107110158
  outer loop
   vertex -119.2086702135343 -2.0 18.56700377085789
   vertex -118.8210877454907 105.0 18.601588671828498
   vertex -119.2086702135343 105.0 18.56700377085789
  endloop
 endfacet
 facet normal -0.08890922137654567 0.0 0.9960397333210239
  outer loop
   vertex -118.8210877454907 -2.0 18.601588671828498
   vertex -118.43404602765627 -2.0 18.636137070473364
   vertex -118.43404602765627 105.0 18.636137070473364
  endloop
 endfacet
 facet normal -0.08890922137654567 0.0 0.9960397333210239
  outer loop
   vertex -118.8210877454907 -2.0 18.601588671828498
   vertex -118.43404602765627 105.0 18.636137070473364
   vertex -118.8210877454907 105.0 18.601588671828498
  endloop
 endfacet
 facet normal -0.08927854855415686 0.0 0.9960066971502064
  outer loop
   vertex -118.43404602765627 -2.0 18.636137070473364
   vertex -118.04756847462585 -2.0 18.6707795634225
   vertex -118.04756847462585 105.0 18.6707795634225
  endloop
 endfacet
 facet normal -0.08927854855415686 0.0 0.9960066971502064
  outer loop
   vertex -118.43404602765627 -2.0 18.636137070473364
   vertex -118.04756847462585 105.0 18.6707795634225
   vertex -118.43404602765627 105.0 18.636137070473364
  endloop
 endfacet
 facet normal -0.0898926005133974 0.0 0.9959514648681123
  outer loop
   vertex -118.04756847462585 -2.0 18.6707795634225
   vertex -117.66167486519423 -2.0 18.705609553936046
   vertex -117.66167486519423 105.0 18.705609553936046
  endloop
 endfacet
 facet normal -0.0898926005133974 0.0 0.9959514648681123
  outer loop
   vertex -118.04756847462585 -2.0 18.6707795634225
   vertex -117.66167486519423 105.0 18.705609553936046
   vertex -118.04756847462585 105.0 18.6707795634225
  endloop
 endfacet
 facet normal -0.09047747563815084 0.0 0.9958985020583915
  outer loop
   vertex -117.66167486519423 -2.0 18.705609553936046
   vertex -117.27637461187035 -2.0 18.740614119372616
   vertex -117.27637461187035 105.0 18.740614119372616
  endloop
 endfacet
 facet normal -0.09047747563815084 0.0 0.9958985020583915
  outer loop
   vertex -117.66167486519423 -2.0 18.705609553936046
   vertex -117.27637461187035 105.0 18.740614119372616
   vertex -117.66167486519423 105.0 18.705609553936046
  endloop
 endfacet
 facet normal -0.09098359491635827 0.0 0.9958523913994966
  outer loop
   vertex -117.27637461187035 -2.0 18.740614119372616
   vertex -116.89167525120011 -2.0 18.77576122661269
   vertex -116.89167525120011 105.0 18.77576122661269
  endloop
 endfacet
 facet normal -0.09098359491635827 0.0 0.9958523913994966
  outer loop
   vertex -117.27637461187035 -2.0 18.740614119372616
   vertex -116.89167525120011 105.0 18.77576122661269
   vertex -117.27637461187035 105.0 18.740614119372616
  endloop
 endfacet
 facet normal -0.09141130612506176 0.0 0.9958132220012497
  outer loop
   vertex -116.89167525120011 -2.0 18.77576122661269
   vertex -116.50758432864029 -2.0 18.811019096388122
   vertex -116.50758432864029 105.0 18.811019096388122
  endloop
 endfacet
 facet normal -0.09141130612506176 0.0 0.9958132220012497
  outer loop
   vertex -116.89167525120011 -2.0 18.77576122661269
   vertex -116.50758432864029 105.0 18.811019096388122
   vertex -116.89167525120011 105.0 18.77576122661269
  endloop
 endfacet
 facet normal -0.0917609639021304 0.0 0.9957810630373285
  outer loop
   vertex -116.50758432864029 -2.0 18.811019096388122
   vertex -116.1241093989884 -2.0 18.84635621062268
   vertex -116.1241093989884 105.0 18.84635621062268
  endloop
 endfacet
 facet normal -0.0917609639021304 0.0 0.9957810630373285
  outer loop
   vertex -116.50758432864029 -2.0 18.811019096388122
   vertex -116.1241093989884 105.0 18.84635621062268
   vertex -116.50758432864029 105.0 18.811019096388122
  endloop
 endfacet
 facet normal -0.09203292959610354 0.0 0.9957559640142551
  outer loop
   vertex -116.1241093989884 -2.0 18.84635621062268
   vertex -115.74125802680383 -2.0 18.881741319680916
   vertex -115.74125802680383 105.0 18.881741319680916
  endloop
 endfacet
 facet normal -0.09203292959610354 0.0 0.9957559640142551
  outer loop
   vertex -116.1241093989884 -2.0 18.84635621062268
   vertex -115.74125802680383 105.0 18.881741319680916
   vertex -116.1241093989884 105.0 18.84635621062268
  endloop
 endfacet
 facet normal -0.0922275711392988 0.0 0.9957379550472832
  outer loop
   vertex -115.74125802680383 -2.0 18.881741319680916
   vertex -115.35903778682054 -2.0 18.917143449523667
   vertex -115.35903778682054 105.0 18.917143449523667
  endloop
 endfacet
 facet normal -0.0922275711392988 0.0 0.9957379550472832
  outer loop
   vertex -115.74125802680383 -2.0 18.881741319680916
   vertex -115.35903778682054 105.0 18.917143449523667
   vertex -115.74125802680383 105.0 18.881741319680916
  endloop
 endfacet
 facet normal -0.0923452629435437 0.0 0.9957270471428844
  outer loop
   vertex -115.35903778682054 -2.0 18.917143449523667
   vertex -114.97745626435048 -2.0 18.952531908768602
   vertex -114.97745626435048 105.0 18.952531908768602
  endloop
 endfacet
 facet normal -0.0923452629435437 0.0 0.9957270471428844
  outer loop
   vertex -115.35903778682054 -2.0 18.917143449523667
   vertex -114.97745626435048 105.0 18.952531908768602
   vertex -115.35903778682054 105.0 18.917143449523667
  endloop
 endfacet
 facet normal -0.09238638581791066 0.0 0.9957232324875744
  outer loop
   vertex -114.97745626435048 -2.0 18.952531908768602
   vertex -114.59652105567825 -2.0 18.9878762956542
   vertex -114.59652105567825 105.0 18.9878762956542
  endloop
 endfacet
 facet normal -0.09238638581791066 0.0 0.9957232324875744
  outer loop
   vertex -114.97745626435048 -2.0 18.952531908768602
   vertex -114.59652105567825 105.0 18.9878762956542
   vertex -114.97745626435048 105.0 18.952531908768602
  endloop
 endfacet
 facet normal -0.09235209338310772 0.0 0.9957264136537495
  outer loop
   vertex -114.59652105567825 -2.0 18.9878762956542
   vertex -114.21623979732921 -2.0 19.02314679747209
   vertex -114.21623979732921 105.0 19.02314679747209
  endloop
 endfacet
 facet normal -0.09235209338310772 0.0 0.9957264136537495
  outer loop
   vertex -114.59652105567825 -2.0 18.9878762956542
   vertex -114.21623979732921 105.0 19.02314679747209
   vertex -114.59652105567825 105.0 18.9878762956542
  endloop
 endfacet
 facet normal -0.09228355445540426 0.0 0.9957327681547276
  outer loop
   vertex -114.21623979732921 -2.0 19.02314679747209
   vertex -113.83662167123101 -2.0 19.058329439976628
   vertex -113.83662167123101 105.0 19.058329439976628
  endloop
 endfacet
 facet normal -0.09228355445540426 0.0 0.9957327681547276
  outer loop
   vertex -114.21623979732921 -2.0 19.02314679747209
   vertex -113.83662167123101 105.0 19.058329439976628
   vertex -114.21623979732921 105.0 19.02314679747209
  endloop
 endfacet
 facet normal -0.0922412984054375 0.0 0.9957366835004517
  outer loop
   vertex -113.83662167123101 -2.0 19.058329439976628
   vertex -113.45767812082431 -2.0 19.093433344142337
   vertex -113.45767812082431 105.0 19.093433344142337
  endloop
 endfacet
 facet normal -0.0922412984054375 0.0 0.9957366835004517
  outer loop
   vertex -113.83662167123101 -2.0 19.058329439976628
   vertex -113.45767812082431 105.0 19.093433344142337
   vertex -113.83662167123101 105.0 19.058329439976628
  endloop
 endfacet
 facet normal -0.09223005904058316 0.0 0.9957377246089306
  outer loop
   vertex -113.45767812082431 -2.0 19.093433344142337
   vertex -113.07942074320076 -2.0 19.128469377636456
   vertex -113.07942074320076 105.0 19.128469377636456
  endloop
 endfacet
 facet normal -0.09223005904058316 0.0 0.9957377246089306
  outer loop
   vertex -113.45767812082431 -2.0 19.093433344142337
   vertex -113.07942074320076 105.0 19.128469377636456
   vertex -113.45767812082431 105.0 19.093433344142337
  endloop
 endfacet
 facet normal -0.09224966842950354 0.0 0.9957359080974466
  outer loop
   vertex -113.07942074320076 -2.0 19.128469377636456
   vertex -112.70186110396689 -2.0 19.163448282432846
   vertex -112.70186110396689 105.0 19.163448282432846
  endloop
 endfacet
 facet normal -0.09224966842950354 0.0 0.9957359080974466
  outer loop
   vertex -113.07942074320076 -2.0 19.128469377636456
   vertex -112.70186110396689 105.0 19.163448282432846
   vertex -113.07942074320076 105.0 19.128469377636456
  endloop
 endfacet
 facet normal -0.09229995532753825 0.0 0.9957312480014546
  outer loop
   vertex -112.70186110396689 -2.0 19.163448282432846
   vertex -112.32501073669692 -2.0 19.198380672205687
   vertex -112.32501073669692 105.0 19.198380672205687
  endloop
 endfacet
 facet normal -0.09229995532753825 0.0 0.9957312480014546
  outer loop
   vertex -112.70186110396689 -2.0 19.163448282432846
   vertex -112.32501073669692 105.0 19.198380672205687
   vertex -112.70186110396689 105.0 19.163448282432846
  endloop
 endfacet
 facet normal -0.09238074520356411 0.0 0.9957237558256979
  outer loop
   vertex -112.32501073669692 -2.0 19.198380672205687
   vertex -111.94888114239036 -2.0 19.233277029766565
   vertex -111.94888114239036 105.0 19.233277029766565
  endloop
 endfacet
 facet normal -0.09238074520356411 0.0 0.9957237558256979
  outer loop
   vertex -112.32501073669692 -2.0 19.198380672205687
   vertex -111.94888114239036 105.0 19.233277029766565
   vertex -112.32501073669692 105.0 19.198380672205687
  endloop
 endfacet
 facet normal -0.09249186026605966 0.0 0.995713440596502
  outer loop
   vertex -111.94888114239036 -2.0 19.233277029766565
   vertex -111.57348378893465 -2.0 19.26814770454552
   vertex -111.57348378893465 105.0 19.26814770454552
  endloop
 endfacet
 facet normal -0.09249186026605966 0.0 0.995713440596502
  outer loop
   vertex -111.94888114239036 -2.0 19.233277029766565
   vertex -111.57348378893465 105.0 19.26814770454552
   vertex -111.94888114239036 105.0 19.233277029766565
  endloop
 endfacet
 facet normal -0.09263311948835 0.0 0.9957003089152163
  outer loop
   vertex -111.57348378893465 -2.0 19.26814770454552
   vertex -111.19883011057266 -2.0 19.30300291011663
   vertex -111.19883011057266 105.0 19.30300291011663
  endloop
 endfacet
 facet normal -0.09263311948835 0.0 0.9957003089152163
  outer loop
   vertex -111.57348378893465 -2.0 19.26814770454552
   vertex -111.19883011057266 105.0 19.30300291011663
   vertex -111.57348378893465 105.0 19.26814770454552
  endloop
 endfacet
 facet normal -0.09280433863302567 0.0 0.9956843650127718
  outer loop
   vertex -111.19883011057266 -2.0 19.30300291011663
   vertex -110.8249315073752 -2.0 19.337852721768645
   vertex -110.8249315073752 105.0 19.337852721768645
  endloop
 endfacet
 facet normal -0.09280433863302567 0.0 0.9956843650127718
  outer loop
   vertex -111.19883011057266 -2.0 19.30300291011663
   vertex -110.8249315073752 105.0 19.337852721768645
   vertex -111.19883011057266 105.0 19.30300291011663
  endloop
 endfacet
 facet normal -0.09300533027572112 0.0 0.9956656108053064
  outer loop
   vertex -110.8249315073752 -2.0 19.337852721768645
   vertex -110.45179934471864 -2.0 19.372707074121237
   vertex -110.45179934471864 105.0 19.372707074121237
  endloop
 endfacet
 facet normal -0.09300533027572112 0.0 0.9956656108053064
  outer loop
   vertex -110.8249315073752 -2.0 19.337852721768645
   vertex -110.45179934471864 105.0 19.372707074121237
   vertex -110.8249315073752 105.0 19.337852721768645
  endloop
 endfacet
 facet normal -0.09323590382816843 0.0 0.995644045950833
  outer loop
   vertex -110.45179934471864 -2.0 19.372707074121237
   vertex -110.0794449527677 -2.0 19.40757575878733
   vertex -110.0794449527677 105.0 19.40757575878733
  endloop
 endfacet
 facet normal -0.09323590382816843 0.0 0.995644045950833
  outer loop
   vertex -110.45179934471864 -2.0 19.372707074121237
   vertex -110.0794449527677 105.0 19.40757575878733
   vertex -110.45179934471864 105.0 19.372707074121237
  endloop
 endfacet
 facet normal -0.0934958655606541 0.0 0.9956196679069091
  outer loop
   vertex -110.0794449527677 -2.0 19.40757575878733
   vertex -109.7078796259633 -2.0 19.44246842208208
   vertex -109.7078796259633 105.0 19.44246842208208
  endloop
 endfacet
 facet normal -0.0934958655606541 0.0 0.9956196679069091
  outer loop
   vertex -110.0794449527677 -2.0 19.40757575878733
   vertex -109.7078796259633 105.0 19.44246842208208
   vertex -110.0794449527677 105.0 19.40757575878733
  endloop
 endfacet
 facet normal -0.09378501862397205 0.0 0.9955924719892679
  outer loop
   vertex -109.7078796259633 -2.0 19.44246842208208
   vertex -109.33711462251581 -2.0 19.477394562778947
   vertex -109.33711462251581 105.0 19.477394562778947
  endloop
 endfacet
 facet normal -0.09378501862397205 0.0 0.9955924719892679
  outer loop
   vertex -109.7078796259633 -2.0 19.44246842208208
   vertex -109.33711462251581 105.0 19.477394562778947
   vertex -109.7078796259633 105.0 19.44246842208208
  endloop
 endfacet
 facet normal -0.0941031630707583 0.0 0.9955624514313897
  outer loop
   vertex -109.33711462251581 -2.0 19.477394562778947
   vertex -108.96716116390357 -2.0 19.51236352991338
   vertex -108.96716116390357 105.0 19.51236352991338
  endloop
 endfacet
 facet normal -0.0941031630707583 0.0 0.9955624514313897
  outer loop
   vertex -109.33711462251581 -2.0 19.477394562778947
   vertex -108.96716116390357 105.0 19.51236352991338
   vertex -109.33711462251581 105.0 19.477394562778947
  endloop
 endfacet
 facet normal -0.09445009587642733 0.0 0.9955295974449648
  outer loop
   vertex -108.96716116390357 -2.0 19.51236352991338
   vertex -108.5980304343766 -2.0 19.547384520634537
   vertex -108.5980304343766 105.0 19.547384520634537
  endloop
 endfacet
 facet normal -0.09445009587642733 0.0 0.9955295974449648
  outer loop
   vertex -108.96716116390357 -2.0 19.51236352991338
   vertex -108.5980304343766 105.0 19.547384520634537
   vertex -108.96716116390357 105.0 19.51236352991338
  endloop
 endfacet
 facet normal -0.09482561095975507 0.0 0.9954938992812106
  outer loop
   vertex -108.5980304343766 -2.0 19.547384520634537
   vertex -108.2297335804661 -2.0 19.582466578105542
   vertex -108.2297335804661 105.0 19.582466578105542
  endloop
 endfacet
 facet normal -0.09482561095975507 0.0 0.9954938992812106
  outer loop
   vertex -108.5980304343766 -2.0 19.547384520634537
   vertex -108.2297335804661 105.0 19.582466578105542
   vertex -108.5980304343766 105.0 19.547384520634537
  endloop
 endfacet
 facet normal -0.09522949920294702 0.0 0.9954553442930304
  outer loop
   vertex -108.2297335804661 -2.0 19.582466578105542
   vertex -107.86228171049893 -2.0 19.617618589452682
   vertex -107.86228171049893 105.0 19.617618589452682
  endloop
 endfacet
 facet normal -0.09522949920294702 0.0 0.9954553442930304
  outer loop
   vertex -108.2297335804661 -2.0 19.582466578105542
   vertex -107.86228171049893 105.0 19.617618589452682
   vertex -108.2297335804661 105.0 19.582466578105542
  endloop
 endfacet
 facet normal -0.09566154847162464 0.0 0.9954139179979408
  outer loop
   vertex -107.86228171049893 -2.0 19.617618589452682
   vertex -107.49568589411808 -2.0 19.652849283763995
   vertex -107.49568589411808 105.0 19.652849283763995
  endloop
 endfacet
 facet normal -0.09566154847162464 0.0 0.9954139179979408
  outer loop
   vertex -107.86228171049893 -2.0 19.617618589452682
   vertex -107.49568589411808 105.0 19.652849283763995
   vertex -107.86228171049893 105.0 19.617618589452682
  endloop
 endfacet
 facet normal -0.09612154363437171 0.0 0.9953696041417709
  outer loop
   vertex -107.49568589411808 -2.0 19.652849283763995
   vertex -107.12995716180828 -2.0 19.688167230137665
   vertex -107.12995716180828 105.0 19.688167230137665
  endloop
 endfacet
 facet normal -0.09612154363437171 0.0 0.9953696041417709
  outer loop
   vertex -107.49568589411808 -2.0 19.652849283763995
   vertex -107.12995716180828 105.0 19.688167230137665
   vertex -107.49568589411808 105.0 19.652849283763995
  endloop
 endfacet
 facet normal -0.09660898294009335 0.0 0.9953224122942681
  outer loop
   vertex -107.12995716180828 -2.0 19.688167230137665
   vertex -106.76510649420521 -2.0 19.723580731819897
   vertex -106.76510649420521 105.0 19.723580731819897
  endloop
 endfacet
 facet normal -0.09660898294009335 0.0 0.9953224122942681
  outer loop
   vertex -107.12995716180828 -2.0 19.688167230137665
   vertex -106.76510649420521 105.0 19.723580731819897
   vertex -107.12995716180828 105.0 19.688167230137665
  endloop
 endfacet
 facet normal -0.09710168537906658 0.0 0.9952744660125391
  outer loop
   vertex -106.76510649420521 -2.0 19.723580731819897
   vertex -106.40114404234725 -2.0 19.75908989908679
   vertex -106.40114404234725 105.0 19.75908989908679
  endloop
 endfacet
 facet normal -0.09710168537906658 0.0 0.9952744660125391
  outer loop
   vertex -106.76510649420521 -2.0 19.723580731819897
   vertex -106.40114404234725 105.0 19.75908989908679
   vertex -106.76510649420521 105.0 19.723580731819897
  endloop
 endfacet
 facet normal -0.09756238578944709 0.0 0.9952294111806942
  outer loop
   vertex -106.40114404234725 -2.0 19.75908989908679
   vertex -106.03807859374072 -2.0 19.794681222017797
   vertex -106.03807859374072 105.0 19.794681222017797
  endloop
 endfacet
 facet normal -0.09756238578944709 0.0 0.9952294111806942
  outer loop
   vertex -106.40114404234725 -2.0 19.75908989908679
   vertex -106.03807859374072 105.0 19.794681222017797
   vertex -106.40114404234725 105.0 19.75908989908679
  endloop
 endfacet
 facet normal -0.09798769683809573 0.0 0.9951876261632102
  outer loop
   vertex -106.03807859374072 -2.0 19.794681222017797
   vertex -105.67591879720143 -2.0 19.830340029882052
   vertex -105.67591879720143 105.0 19.830340029882052
  endloop
 endfacet
 facet normal -0.09798769683809573 0.0 0.9951876261632102
  outer loop
   vertex -106.03807859374072 -2.0 19.794681222017797
   vertex -105.67591879720143 105.0 19.830340029882052
   vertex -106.03807859374072 105.0 19.794681222017797
  endloop
 endfacet
 facet normal -0.098377863095361 0.0 0.9951491325689785
  outer loop
   vertex -105.67591879720143 -2.0 19.830340029882052
   vertex -105.31467329361125 -2.0 19.866051823755868
   vertex -105.31467329361125 105.0 19.866051823755868
  endloop
 endfacet
 facet normal -0.098377863095361 0.0 0.9951491325689785
  outer loop
   vertex -105.67591879720143 -2.0 19.830340029882052
   vertex -105.31467329361125 105.0 19.866051823755868
   vertex -105.67591879720143 105.0 19.830340029882052
  endloop
 endfacet
 facet normal -0.09873313198295135 0.0 0.9951139475702454
  outer loop
   vertex -105.31467329361125 -2.0 19.866051823755868
   vertex -104.95435071588123 -2.0 19.901802278977925
   vertex -104.95435071588123 105.0 19.901802278977925
  endloop
 endfacet
 facet normal -0.09873313198295135 0.0 0.9951139475702454
  outer loop
   vertex -105.31467329361125 -2.0 19.866051823755868
   vertex -104.95435071588123 105.0 19.901802278977925
   vertex -105.31467329361125 105.0 19.866051823755868
  endloop
 endfacet
 facet normal -0.09905375372433106 0.0 0.9950820839876072
  outer loop
   vertex -104.95435071588123 -2.0 19.901802278977925
   vertex -104.59495968890991 -2.0 19.937577247545036
   vertex -104.59495968890991 105.0 19.937577247545036
  endloop
 endfacet
 facet normal -0.09905375372433106 0.0 0.9950820839876072
  outer loop
   vertex -104.95435071588123 -2.0 19.901802278977925
   vertex -104.59495968890991 105.0 19.937577247545036
   vertex -104.95435071588123 105.0 19.901802278977925
  endloop
 endfacet
 facet normal -0.09933998129750457 0.0 0.9950535503759641
  outer loop
   vertex -104.59495968890991 -2.0 19.937577247545036
   vertex -104.23650882953635 -2.0 19.973362760448126
   vertex -104.23650882953635 105.0 19.973362760448126
  endloop
 endfacet
 facet normal -0.09933998129750457 0.0 0.9950535503759641
  outer loop
   vertex -104.59495968890991 -2.0 19.937577247545036
   vertex -104.23650882953635 105.0 19.973362760448126
   vertex -104.59495968890991 105.0 19.937577247545036
  endloop
 endfacet
 facet normal -0.09959207038989132 0.0 0.9950283511113918
  outer loop
   vertex -104.23650882953635 -2.0 19.973362760448126
   vertex -103.87900674648778 -2.0 20.009145029948023
   vertex -103.87900674648778 105.0 20.009145029948023
  endloop
 endfacet
 facet normal -0.09959207038989132 0.0 0.9950283511113918
  outer loop
   vertex -104.23650882953635 -2.0 19.973362760448126
   vertex -103.87900674648778 105.0 20.009145029948023
   vertex -104.23650882953635 105.0 19.973362760448126
  endloop
 endfacet
 facet normal -0.0998102793552964 0.0 0.9950064864788659
  outer loop
   vertex -103.87900674648778 -2.0 20.009145029948023
   vertex -103.52246204032245 -2.0 20.044910451790596
   vertex -103.52246204032245 105.0 20.044910451790596
  endloop
 endfacet
 facet normal -0.0998102793552964 0.0 0.9950064864788659
  outer loop
   vertex -103.87900674648778 -2.0 20.009145029948023
   vertex -103.52246204032245 105.0 20.044910451790596
   vertex -103.87900674648778 105.0 20.009145029948023
  endloop
 endfacet
 facet normal -0.0999948691731003 0.0 0.994987952760763
  outer loop
   vertex -103.52246204032245 -2.0 20.044910451790596
   vertex -103.16688330336689 -2.0 20.080645607361024
   vertex -103.16688330336689 105.0 20.080645607361024
  endloop
 endfacet
 facet normal -0.0999948691731003 0.0 0.994987952760763
  outer loop
   vertex -103.52246204032245 -2.0 20.044910451790596
   vertex -103.16688330336689 105.0 20.080645607361024
   vertex -103.52246204032245 105.0 20.044910451790596
  endloop
 endfacet
 facet normal -0.10014610340901911 0.0 0.9949727423261353
  outer loop
   vertex -103.16688330336689 -2.0 20.080645607361024
   vertex -102.81227911964805 -2.0 20.116337265776664
   vertex -102.81227911964805 105.0 20.116337265776664
  endloop
 endfacet
 facet normal -0.10014610340901911 0.0 0.9949727423261353
  outer loop
   vertex -103.16688330336689 -2.0 20.080645607361024
   vertex -102.81227911964805 105.0 20.116337265776664
   vertex -103.16688330336689 105.0 20.080645607361024
  endloop
 endfacet
 facet normal -0.1002642481780221 0.0 0.9949608437206441
  outer loop
   vertex -102.81227911964805 -2.0 20.116337265776664
   vertex -102.45865806482011 -2.0 20.151972385918334
   vertex -102.45865806482011 105.0 20.151972385918334
  endloop
 endfacet
 facet normal -0.1002642481780221 0.0 0.9949608437206441
  outer loop
   vertex -102.81227911964805 -2.0 20.116337265776664
   vertex -102.45865806482011 105.0 20.151972385918334
   vertex -102.81227911964805 105.0 20.116337265776664
  endloop
 endfacet
 facet normal -0.10034957210883175 0.0 0.994952241757148
  outer loop
   vertex -102.45865806482011 -2.0 20.151972385918334
   vertex -102.10602870608605 -2.0 20.187538118399605
   vertex -102.10602870608605 105.0 20.187538118399605
  endloop
 endfacet
 facet normal -0.10034957210883175 0.0 0.994952241757148
  outer loop
   vertex -102.45865806482011 -2.0 20.151972385918334
   vertex -102.10602870608605 105.0 20.187538118399605
   vertex -102.45865806482011 105.0 20.151972385918334
  endloop
 endfacet
 facet normal -0.10040234631002858 0.0 0.9949469176068846
  outer loop
   vertex -102.10602870608605 -2.0 20.187538118399605
   vertex -101.75439960211375 -2.0 20.22302180747382
   vertex -101.75439960211375 105.0 20.22302180747382
  endloop
 endfacet
 facet normal -0.10040234631002858 0.0 0.9949469176068846
  outer loop
   vertex -102.10602870608605 -2.0 20.187538118399605
   vertex -101.75439960211375 105.0 20.22302180747382
   vertex -102.10602870608605 105.0 20.187538118399605
  endloop
 endfacet
 facet normal -0.10042284433784324 0.0 0.9949448488911823
  outer loop
   vertex -101.75439960211375 -2.0 20.22302180747382
   vertex -101.40377930294679 -2.0 20.25841099287859
   vertex -101.40377930294679 105.0 20.25841099287859
  endloop
 endfacet
 facet normal -0.10042284433784324 0.0 0.9949448488911823
  outer loop
   vertex -101.75439960211375 -2.0 20.22302180747382
   vertex -101.40377930294679 105.0 20.25841099287859
   vertex -101.75439960211375 105.0 20.22302180747382
  endloop
 endfacet
 facet normal -0.10041134216526296 0.0 0.9949460097736813
  outer loop
   vertex -101.40377930294679 -2.0 20.25841099287859
   vertex -101.05417634991 -2.0 20.293693411617422
   vertex -101.05417634991 105.0 20.293693411617422
  endloop
 endfacet
 facet normal -0.10041134216526296 0.0 0.9949460097736813
  outer loop
   vertex -101.40377930294679 -2.0 20.25841099287859
   vertex -101.05417634991 105.0 20.293693411617422
   vertex -101.40377930294679 105.0 20.25841099287859
  endloop
 endfacet
 facet normal -0.10036811815266761 0.0 0.9949503710529949
  outer loop
   vertex -101.05417634991 -2.0 20.293693411617422
   vertex -100.70559927550929 -2.0 20.328856999678337
   vertex -100.70559927550929 105.0 20.328856999678337
  endloop
 endfacet
 facet normal -0.10036811815266761 0.0 0.9949503710529949
  outer loop
   vertex -101.05417634991 -2.0 20.293693411617422
   vertex -100.70559927550929 105.0 20.328856999678337
   vertex -101.05417634991 105.0 20.293693411617422
  endloop
 endfacet
 facet normal -0.10029345301956248 0.0 0.9949579002557912
  outer loop
   vertex -100.70559927550929 -2.0 20.328856999678337
   vertex -100.35805660332645 -2.0 20.36388989368913
   vertex -100.35805660332645 105.0 20.36388989368913
  endloop
 endfacet
 facet normal -0.10029345301956248 0.0 0.9949579002557912
  outer loop
   vertex -100.70559927550929 -2.0 20.328856999678337
   vertex -100.35805660332645 105.0 20.36388989368913
   vertex -100.70559927550929 105.0 20.328856999678337
  endloop
 endfacet
 facet normal -0.1001876298176796 0.0 0.9949685617302265
  outer loop
   vertex -100.35805660332645 -2.0 20.36388989368913
   vertex -100.01155684790837 -2.0 20.398780432509145
   vertex -100.01155684790837 105.0 20.398780432509145
  endloop
 endfacet
 facet normal -0.1001876298176796 0.0 0.9949685617302265
  outer loop
   vertex -100.35805660332645 -2.0 20.36388989368913
   vertex -100.01155684790837 105.0 20.398780432509145
   vertex -100.35805660332645 105.0 20.36388989368913
  endloop
 endfacet
 facet normal -0.10005093390495369 0.0 0.9949823167397229
  outer loop
   vertex -100.01155684790837 -2.0 20.398780432509145
   vertex -99.66610851465059 -2.0 20.433517158757308
   vertex -99.66610851465059 105.0 20.433517158757308
  endloop
 endfacet
 facet normal -0.10005093390495369 0.0 0.9949823167397229
  outer loop
   vertex -100.01155684790837 -2.0 20.398780432509145
   vertex -99.66610851465059 105.0 20.433517158757308
   vertex -100.01155684790837 105.0 20.398780432509145
  endloop
 endfacet
 facet normal -0.09988377984525179 0.0 0.9949991108155953
  outer loop
   vertex -99.66610851465059 -2.0 20.433517158757308
   vertex -99.32172010399393 -2.0 20.46808886421651
   vertex -99.32172010399393 105.0 20.46808886421651
  endloop
 endfacet
 facet normal -0.09988377984525179 0.0 0.9949991108155953
  outer loop
   vertex -99.66610851465059 -2.0 20.433517158757308
   vertex -99.32172010399393 105.0 20.46808886421651
   vertex -99.66610851465059 105.0 20.433517158757308
  endloop
 endfacet
 facet normal -0.09970276141812448 0.0 0.9950172658630606
  outer loop
   vertex -99.32172010399393 -2.0 20.46808886421651
   vertex -98.97840065986833 -2.0 20.502490173422103
   vertex -98.97840065986833 105.0 20.502490173422103
  endloop
 endfacet
 facet normal -0.09970276141812448 0.0 0.9950172658630606
  outer loop
   vertex -99.32172010399393 -2.0 20.46808886421651
   vertex -98.97840065986833 105.0 20.502490173422103
   vertex -99.32172010399393 105.0 20.46808886421651
  endloop
 endfacet
 facet normal -0.09954016949104624 0.0 0.995033544488674
  outer loop
   vertex -98.97840065986833 -2.0 20.502490173422103
   vertex -98.63616029311078 -2.0 20.536726872579045
   vertex -98.63616029311078 105.0 20.536726872579045
  endloop
 endfacet
 facet normal -0.09954016949104624 0.0 0.995033544488674
  outer loop
   vertex -98.97840065986833 -2.0 20.502490173422103
   vertex -98.63616029311078 105.0 20.536726872579045
   vertex -98.97840065986833 105.0 20.502490173422103
  endloop
 endfacet
 facet normal -0.09939960395339731 0.0 0.9950475962153307
  outer loop
   vertex -98.63616029311078 -2.0 20.536726872579045
   vertex -98.29500920042781 -2.0 20.57080592932963
   vertex -98.29500920042781 105.0 20.57080592932963
  endloop
 endfacet
 facet normal -0.09939960395339731 0.0 0.9950475962153307
  outer loop
   vertex -98.63616029311078 -2.0 20.536726872579045
   vertex -98.29500920042781 105.0 20.57080592932963
   vertex -98.63616029311078 105.0 20.536726872579045
  endloop
 endfacet
 facet normal -0.09928086334159417 0.0 0.9950594505727522
  outer loop
   vertex -98.29500920042781 -2.0 20.57080592932963
   vertex -97.95495753477891 -2.0 20.604734176457917
   vertex -97.95495753477891 105.0 20.604734176457917
  endloop
 endfacet
 facet normal -0.09928086334159417 0.0 0.9950594505727522
  outer loop
   vertex -98.29500920042781 -2.0 20.57080592932963
   vertex -97.95495753477891 105.0 20.604734176457917
   vertex -98.29500920042781 105.0 20.57080592932963
  endloop
 endfacet
 facet normal -0.09918374432746004 0.0 0.9950691357193152
  outer loop
   vertex -97.95495753477891 -2.0 20.604734176457917
   vertex -97.61601540502568 -2.0 20.638518310979332
   vertex -97.61601540502568 105.0 20.638518310979332
  endloop
 endfacet
 facet normal -0.09918374432746004 0.0 0.9950691357193152
  outer loop
   vertex -97.95495753477891 -2.0 20.604734176457917
   vertex -97.61601540502568 105.0 20.638518310979332
   vertex -97.95495753477891 105.0 20.604734176457917
  endloop
 endfacet
 facet normal -0.09910804175372614 0.0 0.9950766784824885
  outer loop
   vertex -97.61601540502568 -2.0 20.638518310979332
   vertex -97.2781928755864 -2.0 20.672164893274957
   vertex -97.2781928755864 105.0 20.672164893274957
  endloop
 endfacet
 facet normal -0.09910804175372614 0.0 0.9950766784824885
  outer loop
   vertex -97.61601540502568 -2.0 20.638518310979332
   vertex -97.2781928755864 105.0 20.672164893274957
   vertex -97.61601540502568 105.0 20.638518310979332
  endloop
 endfacet
 facet normal -0.09905354866911364 0.0 0.9950821043994588
  outer loop
   vertex -97.2781928755864 -2.0 20.672164893274957
   vertex -96.9414999660957 -2.0 20.705680346270576
   vertex -96.9414999660957 105.0 20.705680346270576
  endloop
 endfacet
 facet normal -0.09905354866911364 0.0 0.9950821043994588
  outer loop
   vertex -97.2781928755864 -2.0 20.672164893274957
   vertex -96.9414999660957 105.0 20.705680346270576
   vertex -97.2781928755864 105.0 20.672164893274957
  endloop
 endfacet
 facet normal -0.09902005636316237 0.0 0.9950854377579023
  outer loop
   vertex -96.9414999660957 -2.0 20.705680346270576
   vertex -96.60594665106981 -2.0 20.73907095466052
   vertex -96.60594665106981 105.0 20.73907095466052
  endloop
 endfacet
 facet normal -0.09902005636316237 0.0 0.9950854377579023
  outer loop
   vertex -96.9414999660957 -2.0 20.705680346270576
   vertex -96.60594665106981 105.0 20.73907095466052
   vertex -96.9414999660957 105.0 20.705680346270576
  endloop
 endfacet
 facet normal -0.09900735440071871 0.0 0.9950867016368828
  outer loop
   vertex -96.60594665106981 -2.0 20.73907095466052
   vertex -96.27154285957681 -2.0 20.772342864176373
   vertex -96.27154285957681 105.0 20.772342864176373
  endloop
 endfacet
 facet normal -0.09900735440071871 0.0 0.9950867016368828
  outer loop
   vertex -96.60594665106981 -2.0 20.73907095466052
   vertex -96.27154285957681 105.0 20.772342864176373
   vertex -96.60594665106981 105.0 20.73907095466052
  endloop
 endfacet
 facet normal -0.09901523065597467 0.0 0.9950859179478644
  outer loop
   vertex -96.27154285957681 -2.0 20.772342864176373
   vertex -95.93829847491236 -2.0 20.8055020809005
   vertex -95.93829847491236 105.0 20.8055020809005
  endloop
 endfacet
 facet normal -0.09901523065597467 0.0 0.9950859179478644
  outer loop
   vertex -96.27154285957681 -2.0 20.772342864176373
   vertex -95.93829847491236 105.0 20.8055020809005
   vertex -96.27154285957681 105.0 20.772342864176373
  endloop
 endfacet
 facet normal -0.09904347134656138 0.0 0.9950831074757641
  outer loop
   vertex -95.93829847491236 -2.0 20.8055020809005
   vertex -95.60622333428088 -2.0 20.83855447062448
   vertex -95.60622333428088 105.0 20.83855447062448
  endloop
 endfacet
 facet normal -0.09904347134656138 0.0 0.9950831074757641
  outer loop
   vertex -95.93829847491236 -2.0 20.8055020809005
   vertex -95.60622333428088 105.0 20.83855447062448
   vertex -95.93829847491236 105.0 20.8055020809005
  endloop
 endfacet
 facet normal -0.09909186106705144 0.0 0.9950782899200787
  outer loop
   vertex -95.60622333428088 -2.0 20.83855447062448
   vertex -95.27532722848167 -2.0 20.87150575825243
   vertex -95.27532722848167 105.0 20.87150575825243
  endloop
 endfacet
 facet normal -0.09909186106705144 0.0 0.9950782899200787
  outer loop
   vertex -95.60622333428088 -2.0 20.83855447062448
   vertex -95.27532722848167 105.0 20.87150575825243
   vertex -95.60622333428088 105.0 20.83855447062448
  endloop
 endfacet
 facet normal -0.09916018282241618 0.0 0.9950714839360161
  outer loop
   vertex -95.27532722848167 -2.0 20.87150575825243
   vertex -94.94561990160075 -2.0 20.904361527249126
   vertex -94.94561990160075 105.0 20.904361527249126
  endloop
 endfacet
 facet normal -0.09916018282241618 0.0 0.9950714839360161
  outer loop
   vertex -95.27532722848167 -2.0 20.87150575825243
   vertex -94.94561990160075 105.0 20.904361527249126
   vertex -95.27532722848167 105.0 20.87150575825243
  endloop
 endfacet
 facet normal -0.0992482180613276 0.0 0.9950627071756089
  outer loop
   vertex -94.94561990160075 -2.0 20.904361527249126
   vertex -94.61711105070788 -2.0 20.937127219133043
   vertex -94.61711105070788 105.0 20.937127219133043
  endloop
 endfacet
 facet normal -0.0992482180613276 0.0 0.9950627071756089
  outer loop
   vertex -94.94561990160075 -2.0 20.904361527249126
   vertex -94.61711105070788 105.0 20.937127219133043
   vertex -94.94561990160075 105.0 20.904361527249126
  endloop
 endfacet
 facet normal -0.09935574670905337 0.0 0.9950519763288179
  outer loop
   vertex -94.61711105070788 -2.0 20.937127219133043
   vertex -94.2898103255588 -2.0 20.969808133014123
   vertex -94.2898103255588 105.0 20.969808133014123
  endloop
 endfacet
 facet normal -0.09935574670905337 0.0 0.9950519763288179
  outer loop
   vertex -94.61711105070788 -2.0 20.937127219133043
   vertex -94.2898103255588 105.0 20.969808133014123
   vertex -94.61711105070788 105.0 20.937127219133043
  endloop
 endfacet
 facet normal -0.09948254720051226 0.0 0.9950393071645449
  outer loop
   vertex -94.2898103255588 -2.0 20.969808133014123
   vertex -93.96372732830318 -2.0 21.002409425176346
   vertex -93.96372732830318 105.0 21.002409425176346
  endloop
 endfacet
 facet normal -0.09948254720051226 0.0 0.9950393071645449
  outer loop
   vertex -94.2898103255588 -2.0 20.969808133014123
   vertex -93.96372732830318 105.0 21.002409425176346
   vertex -94.2898103255588 105.0 20.969808133014123
  endloop
 endfacet
 facet normal -0.09962839651287089 0.0 0.9950247145715901
  outer loop
   vertex -93.96372732830318 -2.0 21.002409425176346
   vertex -93.6388716131975 -2.0 21.03493610870496
   vertex -93.6388716131975 105.0 21.03493610870496
  endloop
 endfacet
 facet normal -0.09962839651287089 0.0 0.9950247145715901
  outer loop
   vertex -93.96372732830318 -2.0 21.002409425176346
   vertex -93.6388716131975 105.0 21.03493610870496
   vertex -93.96372732830318 105.0 21.002409425176346
  endloop
 endfacet
 facet normal -0.09979307019824632 0.0 0.9950082125994779
  outer loop
   vertex -93.6388716131975 -2.0 21.03493610870496
   vertex -93.31525268632349 -2.0 21.067393053158362
   vertex -93.31525268632349 105.0 21.067393053158362
  endloop
 endfacet
 facet normal -0.09979307019824632 0.0 0.9950082125994779
  outer loop
   vertex -93.6388716131975 -2.0 21.03493610870496
   vertex -93.31525268632349 105.0 21.067393053158362
   vertex -93.6388716131975 105.0 21.03493610870496
  endloop
 endfacet
 facet normal -0.09997634241618282 0.0 0.9949898144991648
  outer loop
   vertex -93.31525268632349 -2.0 21.067393053158362
   vertex -92.99288000531186 -2.0 21.099784984284476
   vertex -92.99288000531186 105.0 21.099784984284476
  endloop
 endfacet
 facet normal -0.09997634241618282 0.0 0.9949898144991648
  outer loop
   vertex -93.31525268632349 -2.0 21.067393053158362
   vertex -92.99288000531186 105.0 21.099784984284476
   vertex -93.31525268632349 105.0 21.067393053158362
  endloop
 endfacet
 facet normal -0.10017798596618555 0.0 0.9949695327635708
  outer loop
   vertex -92.99288000531186 -2.0 21.099784984284476
   vertex -92.67176297907156 -2.0 21.132116483781605
   vertex -92.67176297907156 105.0 21.132116483781605
  endloop
 endfacet
 facet normal -0.10017798596618555 0.0 0.9949695327635708
  outer loop
   vertex -92.99288000531186 -2.0 21.099784984284476
   vertex -92.67176297907156 105.0 21.132116483781605
   vertex -92.99288000531186 105.0 21.099784984284476
  endloop
 endfacet
 facet normal -0.10039777231997808 0.0 0.9949473791679566
  outer loop
   vertex -92.67176297907156 -2.0 21.132116483781605
   vertex -92.35191096752399 -2.0 21.1643919891036
   vertex -92.35191096752399 105.0 21.1643919891036
  endloop
 endfacet
 facet normal -0.10039777231997808 0.0 0.9949473791679566
  outer loop
   vertex -92.67176297907156 -2.0 21.132116483781605
   vertex -92.35191096752399 105.0 21.1643919891036
   vertex -92.67176297907156 105.0 21.132116483781605
  endloop
 endfacet
 facet normal -0.100635471653951 0.0 0.9949233648100676
  outer loop
   vertex -92.35191096752399 -2.0 21.1643919891036
   vertex -92.03333328134286 -2.0 21.196615793309245
   vertex -92.03333328134286 105.0 21.196615793309245
  endloop
 endfacet
 facet normal -0.100635471653951 0.0 0.9949233648100676
  outer loop
   vertex -92.35191096752399 -2.0 21.1643919891036
   vertex -92.03333328134286 105.0 21.196615793309245
   vertex -92.35191096752399 105.0 21.1643919891036
  endloop
 endfacet
 facet normal -0.10089014503366167 0.0 0.994897571931446
  outer loop
   vertex -92.03333328134286 -2.0 21.196615793309245
   vertex -91.71603916208662 -2.0 21.22879181887532
   vertex -91.71603916208662 105.0 21.22879181887532
  endloop
 endfacet
 facet normal -0.10089014503366167 0.0 0.994897571931446
  outer loop
   vertex -92.03333328134286 -2.0 21.196615793309245
   vertex -91.71603916208662 105.0 21.22879181887532
   vertex -92.03333328134286 105.0 21.196615793309245
  endloop
 endfacet
 facet normal -0.10115418266913977 0.0 0.9948707611185175
  outer loop
   vertex -91.71603916208662 -2.0 21.22879181887532
   vertex -91.40003759820678 -2.0 21.260921499599373
   vertex -91.40003759820678 105.0 21.260921499599373
  endloop
 endfacet
 facet normal -0.10115418266913977 0.0 0.9948707611185175
  outer loop
   vertex -91.71603916208662 -2.0 21.22879181887532
   vertex -91.40003759820678 105.0 21.260921499599373
   vertex -91.71603916208662 105.0 21.22879181887532
  endloop
 endfacet
 facet normal -0.10142305924824524 0.0 0.9948433861933882
  outer loop
   vertex -91.40003759820678 -2.0 21.260921499599373
   vertex -91.08533741291939 -2.0 21.29300479630798
   vertex -91.08533741291939 105.0 21.29300479630798
  endloop
 endfacet
 facet normal -0.10142305924824524 0.0 0.9948433861933882
  outer loop
   vertex -91.40003759820678 -2.0 21.260921499599373
   vertex -91.08533741291939 105.0 21.29300479630798
   vertex -91.40003759820678 105.0 21.260921499599373
  endloop
 endfacet
 facet normal -0.10169663604225158 0.0 0.9948154573676916
  outer loop
   vertex -91.08533741291939 -2.0 21.29300479630798
   vertex -90.77194738603549 -2.0 21.32504160400658
   vertex -90.77194738603549 105.0 21.32504160400658
  endloop
 endfacet
 facet normal -0.10169663604225158 0.0 0.9948154573676916
  outer loop
   vertex -91.08533741291939 -2.0 21.29300479630798
   vertex -90.77194738603549 105.0 21.32504160400658
   vertex -91.08533741291939 105.0 21.29300479630798
  endloop
 endfacet
 facet normal -0.10197483304734713 0.0 0.9947869789180825
  outer loop
   vertex -90.77194738603549 -2.0 21.32504160400658
   vertex -90.459876255369 -2.0 21.35703177086946
   vertex -90.459876255369 105.0 21.35703177086946
  endloop
 endfacet
 facet normal -0.10197483304734713 0.0 0.9947869789180825
  outer loop
   vertex -90.77194738603549 -2.0 21.32504160400658
   vertex -90.459876255369 105.0 21.35703177086946
   vertex -90.77194738603549 105.0 21.32504160400658
  endloop
 endfacet
 facet normal -0.10225756995456448 0.0 0.9947579551765281
  outer loop
   vertex -90.459876255369 -2.0 21.35703177086946
   vertex -90.14913271651135 -2.0 21.388975098386783
   vertex -90.14913271651135 105.0 21.388975098386783
  endloop
 endfacet
 facet normal -0.10225756995456448 0.0 0.9947579551765281
  outer loop
   vertex -90.459876255369 -2.0 21.35703177086946
   vertex -90.14913271651135 105.0 21.388975098386783
   vertex -90.459876255369 105.0 21.35703177086946
  endloop
 endfacet
 facet normal -0.10254476616000976 0.0 0.9947283905334103
  outer loop
   vertex -90.14913271651135 -2.0 21.388975098386783
   vertex -89.8397254226089 -2.0 21.42087134152549
   vertex -89.8397254226089 105.0 21.42087134152549
  endloop
 endfacet
 facet normal -0.10254476616000976 0.0 0.9947283905334103
  outer loop
   vertex -90.14913271651135 -2.0 21.388975098386783
   vertex -89.8397254226089 105.0 21.42087134152549
   vertex -90.14913271651135 105.0 21.388975098386783
  endloop
 endfacet
 facet normal -0.10283634077531714 0.0 0.9946982894405433
  outer loop
   vertex -89.8397254226089 -2.0 21.42087134152549
   vertex -89.53166298414307 -2.0 21.452720208904125
   vertex -89.53166298414307 105.0 21.452720208904125
  endloop
 endfacet
 facet normal -0.10283634077531714 0.0 0.9946982894405433
  outer loop
   vertex -89.8397254226089 -2.0 21.42087134152549
   vertex -89.53166298414307 105.0 21.452720208904125
   vertex -89.8397254226089 105.0 21.42087134152549
  endloop
 endfacet
 facet normal -0.1031322126378567 0.0 0.9946676564141511
  outer loop
   vertex -89.53166298414307 -2.0 21.452720208904125
   vertex -89.22495396871325 -2.0 21.484521362981347
   vertex -89.22495396871325 105.0 21.484521362981347
  endloop
 endfacet
 facet normal -0.1031322126378567 0.0 0.9946676564141511
  outer loop
   vertex -89.53166298414307 -2.0 21.452720208904125
   vertex -89.22495396871325 105.0 21.484521362981347
   vertex -89.53166298414307 105.0 21.452720208904125
  endloop
 endfacet
 facet normal -0.10343230032132637 0.0 0.9946364960377428
  outer loop
   vertex -89.22495396871325 -2.0 21.484521362981347
   vertex -88.91960690082233 -2.0 21.516274420258195
   vertex -88.91960690082233 105.0 21.516274420258195
  endloop
 endfacet
 facet normal -0.10343230032132637 0.0 0.9946364960377428
  outer loop
   vertex -89.22495396871325 -2.0 21.484521362981347
   vertex -88.91960690082233 105.0 21.516274420258195
   vertex -89.22495396871325 105.0 21.484521362981347
  endloop
 endfacet
 facet normal -0.1037365221461289 0.0 0.9946048129649413
  outer loop
   vertex -88.91960690082233 -2.0 21.516274420258195
   vertex -88.61563026166507 -2.0 21.547978951493914
   vertex -88.61563026166507 105.0 21.547978951493914
  endloop
 endfacet
 facet normal -0.1037365221461289 0.0 0.9946048129649413
  outer loop
   vertex -88.91960690082233 -2.0 21.516274420258195
   vertex -88.61563026166507 105.0 21.547978951493914
   vertex -88.91960690082233 105.0 21.516274420258195
  endloop
 endfacet
 facet normal -0.10404479618981323 0.0 0.9945726119222367
  outer loop
   vertex -88.61563026166507 -2.0 21.547978951493914
   vertex -88.31303248891913 -2.0 21.57963448193527
   vertex -88.31303248891913 105.0 21.57963448193527
  endloop
 endfacet
 facet normal -0.10404479618981323 0.0 0.9945726119222367
  outer loop
   vertex -88.61563026166507 -2.0 21.547978951493914
   vertex -88.31303248891913 105.0 21.57963448193527
   vertex -88.61563026166507 105.0 21.547978951493914
  endloop
 endfacet
 facet normal -0.10435704029767079 0.0 0.9945398977116556
  outer loop
   vertex -88.31303248891913 -2.0 21.57963448193527
   vertex -88.01182197653876 -2.0 21.611240491559304
   vertex -88.01182197653876 105.0 21.611240491559304
  endloop
 endfacet
 facet normal -0.10435704029767079 0.0 0.9945398977116556
  outer loop
   vertex -88.31303248891913 -2.0 21.57963448193527
   vertex -88.01182197653876 105.0 21.611240491559304
   vertex -88.31303248891913 105.0 21.57963448193527
  endloop
 endfacet
 facet normal -0.10467317209318874 0.0 0.9945066752133691
  outer loop
   vertex -88.01182197653876 -2.0 21.611240491559304
   vertex -87.71200707455144 -2.0 21.642796415329336
   vertex -87.71200707455144 105.0 21.642796415329336
  endloop
 endfacet
 facet normal -0.10467317209318874 0.0 0.9945066752133691
  outer loop
   vertex -88.01182197653876 -2.0 21.611240491559304
   vertex -87.71200707455144 105.0 21.642796415329336
   vertex -88.01182197653876 105.0 21.611240491559304
  endloop
 endfacet
 facet normal -0.10499310898873394 0.0 0.9944729493882073
  outer loop
   vertex -87.71200707455144 -2.0 21.642796415329336
   vertex -87.41359608885679 -2.0 21.674301643464247
   vertex -87.41359608885679 105.0 21.674301643464247
  endloop
 endfacet
 facet normal -0.10499310898873394 0.0 0.9944729493882073
  outer loop
   vertex -87.71200707455144 -2.0 21.642796415329336
   vertex -87.41359608885679 105.0 21.674301643464247
   vertex -87.71200707455144 105.0 21.642796415329336
  endloop
 endfacet
 facet normal -0.10531676819606689 0.0 0.994438725280113
  outer loop
   vertex -87.41359608885679 -2.0 21.674301643464247
   vertex -87.11659728102862 -2.0 21.705755521720786
   vertex -87.11659728102862 105.0 21.705755521720786
  endloop
 endfacet
 facet normal -0.10531676819606689 0.0 0.994438725280113
  outer loop
   vertex -87.41359608885679 -2.0 21.674301643464247
   vertex -87.11659728102862 105.0 21.705755521720786
   vertex -87.41359608885679 105.0 21.674301643464247
  endloop
 endfacet
 facet normal -0.10564406673703423 0.0 0.994404008018502
  outer loop
   vertex -87.11659728102862 -2.0 21.705755521720786
   vertex -86.8210188681194 -2.0 21.7371573516889
   vertex -86.8210188681194 105.0 21.7371573516889
  endloop
 endfacet
 facet normal -0.10564406673703423 0.0 0.994404008018502
  outer loop
   vertex -87.11659728102862 -2.0 21.705755521720786
   vertex -86.8210188681194 105.0 21.7371573516889
   vertex -87.11659728102862 105.0 21.705755521720786
  endloop
 endfacet
 facet normal -0.10597492145411533 0.0 0.9943688028205603
  outer loop
   vertex -86.8210188681194 -2.0 21.7371573516889
   vertex -86.52686902246751 -2.0 21.76850639109991
   vertex -86.52686902246751 105.0 21.76850639109991
  endloop
 endfacet
 facet normal -0.10597492145411533 0.0 0.9943688028205603
  outer loop
   vertex -86.8210188681194 -2.0 21.7371573516889
   vertex -86.52686902246751 105.0 21.76850639109991
   vertex -86.8210188681194 105.0 21.7371573516889
  endloop
 endfacet
 facet normal -0.10630924902130183 0.0 0.9943331149934245
  outer loop
   vertex -86.52686902246751 -2.0 21.76850639109991
   vertex -86.23415587150714 -2.0 21.799801854147482
   vertex -86.23415587150714 105.0 21.799801854147482
  endloop
 endfacet
 facet normal -0.10630924902130183 0.0 0.9943331149934245
  outer loop
   vertex -86.52686902246751 -2.0 21.76850639109991
   vertex -86.23415587150714 105.0 21.799801854147482
   vertex -86.52686902246751 105.0 21.76850639109991
  endloop
 endfacet
 facet normal -0.1066469659545528 0.0 0.9942969499363299
  outer loop
   vertex -86.23415587150714 -2.0 21.799801854147482
   vertex -85.94288749758081 -2.0 21.831042911821196
   vertex -85.94288749758081 105.0 21.831042911821196
  endloop
 endfacet
 facet normal -0.1066469659545528 0.0 0.9942969499363299
  outer loop
   vertex -86.23415587150714 -2.0 21.799801854147482
   vertex -85.94288749758081 105.0 21.831042911821196
   vertex -86.23415587150714 105.0 21.799801854147482
  endloop
 endfacet
 facet normal -0.1069879886227176 0.0 0.9942603131426222
  outer loop
   vertex -85.94288749758081 -2.0 21.831042911821196
   vertex -85.65307193775466 -2.0 21.862228692252643
   vertex -85.65307193775466 105.0 21.862228692252643
  endloop
 endfacet
 facet normal -0.1069879886227176 0.0 0.9942603131426222
  outer loop
   vertex -85.94288749758081 -2.0 21.831042911821196
   vertex -85.65307193775466 105.0 21.862228692252643
   vertex -85.94288749758081 105.0 21.831042911821196
  endloop
 endfacet
 facet normal -0.10733223325822762 0.0 0.994223210201714
  outer loop
   vertex -85.65307193775466 -2.0 21.862228692252643
   vertex -85.36471718363629 -2.0 21.893358281073922
   vertex -85.36471718363629 105.0 21.893358281073922
  endloop
 endfacet
 facet normal -0.10733223325822762 0.0 0.994223210201714
  outer loop
   vertex -85.65307193775466 -2.0 21.862228692252643
   vertex -85.36471718363629 105.0 21.893358281073922
   vertex -85.65307193775466 105.0 21.862228692252643
  endloop
 endfacet
 facet normal -0.1076796159677544 0.0 0.9941856468009569
  outer loop
   vertex -85.36471718363629 -2.0 21.893358281073922
   vertex -85.07783118119521 -2.0 21.924430721788372
   vertex -85.07783118119521 105.0 21.924430721788372
  endloop
 endfacet
 facet normal -0.1076796159677544 0.0 0.9941856468009569
  outer loop
   vertex -85.36471718363629 -2.0 21.893358281073922
   vertex -85.07783118119521 105.0 21.924430721788372
   vertex -85.36471718363629 105.0 21.893358281073922
  endloop
 endfacet
 facet normal -0.10803005274310382 0.0 0.9941476287274049
  outer loop
   vertex -85.07783118119521 -2.0 21.924430721788372
   vertex -84.79242183058608 -2.0 21.955445016153433
   vertex -84.79242183058608 105.0 21.955445016153433
  endloop
 endfacet
 facet normal -0.10803005274310382 0.0 0.9941476287274049
  outer loop
   vertex -85.07783118119521 -2.0 21.924430721788372
   vertex -84.79242183058608 105.0 21.955445016153433
   vertex -85.07783118119521 105.0 21.924430721788372
  endloop
 endfacet
 facet normal -0.10838345947201855 0.0 0.9941091618694988
  outer loop
   vertex -84.79242183058608 -2.0 21.955445016153433
   vertex -84.50849698597438 -2.0 21.986400124575532
   vertex -84.50849698597438 105.0 21.986400124575532
  endloop
 endfacet
 facet normal -0.10838345947201855 0.0 0.9941091618694988
  outer loop
   vertex -84.79242183058608 -2.0 21.955445016153433
   vertex -84.50849698597438 105.0 21.986400124575532
   vertex -84.79242183058608 105.0 21.955445016153433
  endloop
 endfacet
 facet normal -0.10873930733032122 0.0 0.994070300854684
  outer loop
   vertex -84.50849698597438 -2.0 21.986400124575532
   vertex -84.2260644443814 -2.0 22.017294839882847
   vertex -84.2260644443814 105.0 22.017294839882847
  endloop
 endfacet
 facet normal -0.10873930733032122 0.0 0.994070300854684
  outer loop
   vertex -84.50849698597438 -2.0 21.986400124575532
   vertex -84.2260644443814 105.0 22.017294839882847
   vertex -84.50849698597438 105.0 21.986400124575532
  endloop
 endfacet
 facet normal -0.10909493527944178 0.0 0.9940313350676498
  outer loop
   vertex -84.2260644443814 -2.0 22.017294839882847
   vertex -83.94513189335056 -2.0 22.048127186300288
   vertex -83.94513189335056 105.0 22.048127186300288
  endloop
 endfacet
 facet normal -0.10909493527944178 0.0 0.9940313350676498
  outer loop
   vertex -84.2260644443814 -2.0 22.017294839882847
   vertex -83.94513189335056 105.0 22.048127186300288
   vertex -84.2260644443814 105.0 22.017294839882847
  endloop
 endfacet
 facet normal -0.10944937658307842 0.0 0.993992371180773
  outer loop
   vertex -83.94513189335056 -2.0 22.048127186300288
   vertex -83.66570695353695 -2.0 22.078894912845346
   vertex -83.66570695353695 105.0 22.078894912845346
  endloop
 endfacet
 facet normal -0.10944937658307842 0.0 0.993992371180773
  outer loop
   vertex -83.94513189335056 -2.0 22.048127186300288
   vertex -83.66570695353695 105.0 22.078894912845346
   vertex -83.94513189335056 105.0 22.048127186300288
  endloop
 endfacet
 facet normal -0.10980260902411992 0.0 0.9939534129180785
  outer loop
   vertex -83.66570695353695 -2.0 22.078894912845346
   vertex -83.38779720198232 -2.0 22.10959576400934
   vertex -83.38779720198232 105.0 22.10959576400934
  endloop
 endfacet
 facet normal -0.10980260902411992 0.0 0.9939534129180785
  outer loop
   vertex -83.66570695353695 -2.0 22.078894912845346
   vertex -83.38779720198232 105.0 22.10959576400934
   vertex -83.66570695353695 105.0 22.078894912845346
  endloop
 endfacet
 facet normal -0.11015461170349825 0.0 0.9939144638853242
  outer loop
   vertex -83.38779720198232 -2.0 22.10959576400934
   vertex -83.11141017196968 -2.0 22.140227480396597
   vertex -83.11141017196968 105.0 22.140227480396597
  endloop
 endfacet
 facet normal -0.11015461170349825 0.0 0.9939144638853242
  outer loop
   vertex -83.38779720198232 -2.0 22.10959576400934
   vertex -83.11141017196968 105.0 22.140227480396597
   vertex -83.38779720198232 105.0 22.10959576400934
  endloop
 endfacet
 facet normal -0.11050536376040078 0.0 0.9938755277096732
  outer loop
   vertex -83.11141017196968 -2.0 22.140227480396597
   vertex -82.83655335284843 -2.0 22.170787799000088
   vertex -82.83655335284843 105.0 22.170787799000088
  endloop
 endfacet
 facet normal -0.11050536376040078 0.0 0.9938755277096732
  outer loop
   vertex -83.11141017196968 -2.0 22.140227480396597
   vertex -82.83655335284843 105.0 22.170787799000088
   vertex -83.11141017196968 105.0 22.140227480396597
  endloop
 endfacet
 facet normal -0.11085484437417872 0.0 0.9938366080391569
  outer loop
   vertex -82.83655335284843 -2.0 22.170787799000088
   vertex -82.56323418986076 -2.0 22.201274453478693
   vertex -82.56323418986076 105.0 22.201274453478693
  endloop
 endfacet
 facet normal -0.11085484437417872 0.0 0.9938366080391569
  outer loop
   vertex -82.83655335284843 -2.0 22.170787799000088
   vertex -82.56323418986076 105.0 22.201274453478693
   vertex -82.83655335284843 105.0 22.170787799000088
  endloop
 endfacet
 facet normal -0.11120303276619052 0.0 0.9937977085421367
  outer loop
   vertex -82.56323418986076 -2.0 22.201274453478693
   vertex -82.29146008397016 -2.0 22.231685174435867
   vertex -82.29146008397016 105.0 22.231685174435867
  endloop
 endfacet
 facet normal -0.11120303276619052 0.0 0.9937977085421367
  outer loop
   vertex -82.56323418986076 -2.0 22.201274453478693
   vertex -82.29146008397016 105.0 22.231685174435867
   vertex -82.56323418986076 105.0 22.201274453478693
  endloop
 endfacet
 facet normal -0.1115499082015726 0.0 0.9937588329067676
  outer loop
   vertex -82.29146008397016 -2.0 22.231685174435867
   vertex -82.02123839169124 -2.0 22.262017689699775
   vertex -82.02123839169124 105.0 22.262017689699775
  endloop
 endfacet
 facet normal -0.1115499082015726 0.0 0.9937588329067676
  outer loop
   vertex -82.29146008397016 -2.0 22.231685174435867
   vertex -82.02123839169124 105.0 22.262017689699775
   vertex -82.29146008397016 105.0 22.231685174435867
  endloop
 endfacet
 facet normal -0.11189544999111425 0.0 0.993719984840441
  outer loop
   vertex -82.02123839169124 -2.0 22.262017689699775
   vertex -81.75257642492154 -2.0 22.29226972460478
   vertex -81.75257642492154 105.0 22.29226972460478
  endloop
 endfacet
 facet normal -0.11189544999111425 0.0 0.993719984840441
  outer loop
   vertex -82.02123839169124 -2.0 22.262017689699775
   vertex -81.75257642492154 105.0 22.29226972460478
   vertex -82.02123839169124 105.0 22.262017689699775
  endloop
 endfacet
 facet normal -0.11223963749311718 0.0 0.9936811680692221
  outer loop
   vertex -81.75257642492154 -2.0 22.29226972460478
   vertex -81.4854814507751 -2.0 22.322439002274276
   vertex -81.4854814507751 105.0 22.322439002274276
  endloop
 endfacet
 facet normal -0.11223963749311718 0.0 0.9936811680692221
  outer loop
   vertex -81.75257642492154 -2.0 22.29226972460478
   vertex -81.4854814507751 105.0 22.322439002274276
   vertex -81.75257642492154 105.0 22.29226972460478
  endloop
 endfacet
 facet normal -0.11258245011519558 0.0 0.9936423863372875
  outer loop
   vertex -81.4854814507751 -2.0 22.322439002274276
   vertex -81.21996069141723 -2.0 22.352523243904855
   vertex -81.21996069141723 105.0 22.352523243904855
  endloop
 endfacet
 facet normal -0.11258245011519558 0.0 0.9936423863372875
  outer loop
   vertex -81.4854814507751 -2.0 22.322439002274276
   vertex -81.21996069141723 105.0 22.352523243904855
   vertex -81.4854814507751 105.0 22.322439002274276
  endloop
 endfacet
 facet normal -0.11292386731601867 0.0 0.9936036434063606
  outer loop
   vertex -81.21996069141723 -2.0 22.352523243904855
   vertex -80.95602132390168 -2.0 22.382520169051606
   vertex -80.95602132390168 105.0 22.382520169051606
  endloop
 endfacet
 facet normal -0.11292386731601867 0.0 0.9936036434063606
  outer loop
   vertex -81.21996069141723 -2.0 22.352523243904855
   vertex -80.95602132390168 105.0 22.382520169051606
   vertex -81.21996069141723 105.0 22.352523243904855
  endloop
 endfacet
 facet normal -0.1132638686073097 0.0 0.993564943055111
  outer loop
   vertex -80.95602132390168 -2.0 22.382520169051606
   vertex -80.69367048000885 -2.0 22.412427495914734
   vertex -80.69367048000885 105.0 22.412427495914734
  endloop
 endfacet
 facet normal -0.1132638686073097 0.0 0.993564943055111
  outer loop
   vertex -80.95602132390168 -2.0 22.382520169051606
   vertex -80.69367048000885 105.0 22.412427495914734
   vertex -80.95602132390168 105.0 22.382520169051606
  endloop
 endfacet
 facet normal -0.11360243355545069 0.0 0.9935262890785926
  outer loop
   vertex -80.69367048000885 -2.0 22.412427495914734
   vertex -80.43291524608614 -2.0 22.44224294162721
   vertex -80.43291524608614 105.0 22.44224294162721
  endloop
 endfacet
 facet normal -0.11360243355545069 0.0 0.9935262890785926
  outer loop
   vertex -80.69367048000885 -2.0 22.412427495914734
   vertex -80.43291524608614 105.0 22.44224294162721
   vertex -80.69367048000885 105.0 22.412427495914734
  endloop
 endfacet
 facet normal -0.1139395417834928 0.0 0.9934876852876274
  outer loop
   vertex -80.43291524608614 -2.0 22.44224294162721
   vertex -80.17376266288966 -2.0 22.47196422254361
   vertex -80.17376266288966 105.0 22.47196422254361
  endloop
 endfacet
 facet normal -0.1139395417834928 0.0 0.9934876852876274
  outer loop
   vertex -80.43291524608614 -2.0 22.44224294162721
   vertex -80.17376266288966 105.0 22.47196422254361
   vertex -80.43291524608614 105.0 22.44224294162721
  endloop
 endfacet
 facet normal -0.11427517297280577 0.0 0.9934491355082228
  outer loop
   vertex -80.17376266288966 -2.0 22.47196422254361
   vertex -79.91621972542778 -2.0 22.501589054529923
   vertex -79.91621972542778 105.0 22.501589054529923
  endloop
 endfacet
 facet normal -0.11427517297280577 0.0 0.9934491355082228
  outer loop
   vertex -80.17376266288966 -2.0 22.47196422254361
   vertex -79.91621972542778 105.0 22.501589054529923
   vertex -80.17376266288966 105.0 22.47196422254361
  endloop
 endfacet
 facet normal -0.11460930686496973 0.0 0.993410643580957
  outer loop
   vertex -79.91621972542778 -2.0 22.501589054529923
   vertex -79.66029338280632 -2.0 22.531115153254415
   vertex -79.66029338280632 105.0 22.531115153254415
  endloop
 endfacet
 facet normal -0.11460930686496973 0.0 0.993410643580957
  outer loop
   vertex -79.91621972542778 -2.0 22.501589054529923
   vertex -79.66029338280632 105.0 22.531115153254415
   vertex -79.91621972542778 105.0 22.501589054529923
  endloop
 endfacet
 facet normal -0.1149419232635395 0.0 0.9933722133603691
  outer loop
   vertex -79.66029338280632 -2.0 22.531115153254415
   vertex -79.40599053807536 -2.0 22.560540234479394
   vertex -79.40599053807536 105.0 22.560540234479394
  endloop
 endfacet
 facet normal -0.1149419232635395 0.0 0.9933722133603691
  outer loop
   vertex -79.66029338280632 -2.0 22.531115153254415
   vertex -79.40599053807536 105.0 22.560540234479394
   vertex -79.66029338280632 105.0 22.531115153254415
  endloop
 endfacet
 facet normal -0.11527300203584519 0.0 0.9933338487143404
  outer loop
   vertex -79.40599053807536 -2.0 22.560540234479394
   vertex -79.1533180480777 -2.0 22.589862014353905
   vertex -79.1533180480777 105.0 22.589862014353905
  endloop
 endfacet
 facet normal -0.11527300203584519 0.0 0.9933338487143404
  outer loop
   vertex -79.40599053807536 -2.0 22.560540234479394
   vertex -79.1533180480777 105.0 22.589862014353905
   vertex -79.40599053807536 105.0 22.560540234479394
  endloop
 endfacet
 facet normal -0.11560252311481138 0.0 0.9932955535234663
  outer loop
   vertex -79.1533180480777 -2.0 22.589862014353905
   vertex -78.90228272329901 -2.0 22.61907820970726
   vertex -78.90228272329901 105.0 22.61907820970726
  endloop
 endfacet
 facet normal -0.11560252311481138 0.0 0.9932955535234663
  outer loop
   vertex -79.1533180480777 -2.0 22.589862014353905
   vertex -78.90228272329901 105.0 22.61907820970726
   vertex -79.1533180480777 105.0 22.589862014353905
  endloop
 endfacet
 facet normal -0.115930466500631 0.0 0.9932573316804393
  outer loop
   vertex -78.90228272329901 -2.0 22.61907820970726
   vertex -78.6528913277195 -2.0 22.648186538343367
   vertex -78.6528913277195 105.0 22.648186538343367
  endloop
 endfacet
 facet normal -0.115930466500631 0.0 0.9932573316804393
  outer loop
   vertex -78.90228272329901 -2.0 22.61907820970726
   vertex -78.6528913277195 105.0 22.648186538343367
   vertex -78.90228272329901 105.0 22.61907820970726
  endloop
 endfacet
 facet normal -0.11625681226271585 0.0 0.9932191870893915
  outer loop
   vertex -78.6528913277195 -2.0 22.648186538343367
   vertex -78.40515057866753 -2.0 22.677184719335784
   vertex -78.40515057866753 105.0 22.677184719335784
  endloop
 endfacet
 facet normal -0.11625681226271585 0.0 0.9932191870893915
  outer loop
   vertex -78.6528913277195 -2.0 22.648186538343367
   vertex -78.40515057866753 105.0 22.677184719335784
   vertex -78.6528913277195 105.0 22.648186538343367
  endloop
 endfacet
 facet normal -0.11658154054130013 0.0 0.9931811236652744
  outer loop
   vertex -78.40515057866753 -2.0 22.677184719335784
   vertex -78.15906714667435 -2.0 22.706070473323518
   vertex -78.15906714667435 105.0 22.706070473323518
  endloop
 endfacet
 facet normal -0.11658154054130013 0.0 0.9931811236652744
  outer loop
   vertex -78.40515057866753 -2.0 22.677184719335784
   vertex -78.15906714667435 105.0 22.706070473323518
   vertex -78.40515057866753 105.0 22.677184719335784
  endloop
 endfacet
 facet normal -0.1169046315493163 0.0 0.9931431453331985
  outer loop
   vertex -78.15906714667435 -2.0 22.706070473323518
   vertex -77.91464765533098 -2.0 22.734841522807407
   vertex -77.91464765533098 105.0 22.734841522807407
  endloop
 endfacet
 facet normal -0.1169046315493163 0.0 0.9931431453331985
  outer loop
   vertex -78.15906714667435 -2.0 22.706070473323518
   vertex -77.91464765533098 105.0 22.734841522807407
   vertex -78.15906714667435 105.0 22.706070473323518
  endloop
 endfacet
 facet normal -0.11722606557410989 0.0 0.993105256027786
  outer loop
   vertex -77.91464765533098 -2.0 22.734841522807407
   vertex -77.67189868114636 -2.0 22.76349559244715
   vertex -77.67189868114636 105.0 22.76349559244715
  endloop
 endfacet
 facet normal -0.11722606557410989 0.0 0.993105256027786
  outer loop
   vertex -77.91464765533098 -2.0 22.734841522807407
   vertex -77.67189868114636 105.0 22.76349559244715
   vertex -77.91464765533098 105.0 22.734841522807407
  endloop
 endfacet
 facet normal -0.11754582297920978 0.0 0.9930674596925128
  outer loop
   vertex -77.67189868114636 -2.0 22.76349559244715
   vertex -77.4308267534072 -2.0 22.79203040935884
   vertex -77.4308267534072 105.0 22.79203040935884
  endloop
 endfacet
 facet normal -0.11754582297920978 0.0 0.9930674596925128
  outer loop
   vertex -77.67189868114636 -2.0 22.76349559244715
   vertex -77.4308267534072 105.0 22.79203040935884
   vertex -77.67189868114636 105.0 22.76349559244715
  endloop
 endfacet
 facet normal -0.11786388420602362 0.0 0.9930297602790508
  outer loop
   vertex -77.4308267534072 -2.0 22.79203040935884
   vertex -77.19143835403955 -2.0 22.820443703412995
   vertex -77.19143835403955 105.0 22.820443703412995
  endloop
 endfacet
 facet normal -0.11786388420602362 0.0 0.9930297602790508
  outer loop
   vertex -77.4308267534072 -2.0 22.79203040935884
   vertex -77.19143835403955 105.0 22.820443703412995
   vertex -77.4308267534072 105.0 22.79203040935884
  endloop
 endfacet
 facet normal -0.11818020943927413 0.0 0.9929921641669129
  outer loop
   vertex -77.19143835403955 -2.0 22.820443703412995
   vertex -76.95373991682433 -2.0 22.848733202673092
   vertex -76.95373991682433 105.0 22.848733202673092
  endloop
 endfacet
 facet normal -0.11818020943927413 0.0 0.9929921641669129
  outer loop
   vertex -77.19143835403955 -2.0 22.820443703412995
   vertex -76.95373991682433 105.0 22.848733202673092
   vertex -77.19143835403955 105.0 22.820443703412995
  endloop
 endfacet
 facet normal -0.11849285741683227 0.0 0.9929549046866097
  outer loop
   vertex -76.95373991682433 -2.0 22.848733202673092
   vertex -76.71773776717755 -2.0 22.876896182619284
   vertex -76.71773776717755 105.0 22.876896182619284
  endloop
 endfacet
 facet normal -0.11849285741683227 0.0 0.9929549046866097
  outer loop
   vertex -76.95373991682433 -2.0 22.848733202673092
   vertex -76.71773776717755 105.0 22.876896182619284
   vertex -76.95373991682433 105.0 22.848733202673092
  endloop
 endfacet
 facet normal -0.11879838533263293 0.0 0.9929183972725851
  outer loop
   vertex -76.71773776717755 -2.0 22.876896182619284
   vertex -76.48343807662873 -2.0 22.904929125706644
   vertex -76.48343807662873 105.0 22.904929125706644
  endloop
 endfacet
 facet normal -0.11879838533263293 0.0 0.9929183972725851
  outer loop
   vertex -76.71773776717755 -2.0 22.876896182619284
   vertex -76.48343807662873 105.0 22.904929125706644
   vertex -76.71773776717755 105.0 22.876896182619284
  endloop
 endfacet
 facet normal -0.11909652713049765 0.0 0.9928826804942539
  outer loop
   vertex -76.48343807662873 -2.0 22.904929125706644
   vertex -76.25084696477295 -2.0 22.932828488045864
   vertex -76.25084696477295 105.0 22.932828488045864
  endloop
 endfacet
 facet normal -0.11909652713049765 0.0 0.9928826804942539
  outer loop
   vertex -76.48343807662873 -2.0 22.904929125706644
   vertex -76.25084696477295 105.0 22.932828488045864
   vertex -76.48343807662873 105.0 22.904929125706644
  endloop
 endfacet
 facet normal -0.1193873878960084 0.0 0.9928477484545998
  outer loop
   vertex -76.25084696477295 -2.0 22.932828488045864
   vertex -76.01997051086921 -2.0 22.960590787755123
   vertex -76.01997051086921 105.0 22.960590787755123
  endloop
 endfacet
 facet normal -0.1193873878960084 0.0 0.9928477484545998
  outer loop
   vertex -76.25084696477295 -2.0 22.932828488045864
   vertex -76.01997051086921 105.0 22.960590787755123
   vertex -76.25084696477295 105.0 22.932828488045864
  endloop
 endfacet
 facet normal -0.1196710724893307 0.0 0.9928135949961873
  outer loop
   vertex -76.01997051086921 -2.0 22.960590787755123
   vertex -75.79081475361747 -2.0 22.98821260455501
   vertex -75.79081475361747 105.0 22.98821260455501
  endloop
 endfacet
 facet normal -0.1196710724893307 0.0 0.9928135949961873
  outer loop
   vertex -76.01997051086921 -2.0 22.960590787755123
   vertex -75.79081475361747 105.0 22.98821260455501
   vertex -76.01997051086921 105.0 22.960590787755123
  endloop
 endfacet
 facet normal -0.11994768553008857 0.0 0.9927802137109579
  outer loop
   vertex -75.79081475361747 -2.0 22.98821260455501
   vertex -75.56338569093532 -2.0 23.0156905793517
   vertex -75.56338569093532 105.0 23.0156905793517
  endloop
 endfacet
 facet normal -0.11994768553008857 0.0 0.9927802137109579
  outer loop
   vertex -75.79081475361747 -2.0 22.98821260455501
   vertex -75.56338569093532 105.0 23.0156905793517
   vertex -75.79081475361747 105.0 22.98821260455501
  endloop
 endfacet
 facet normal -0.12021733138232922 0.0 0.9927475979499076
  outer loop
   vertex -75.56338569093532 -2.0 23.0156905793517
   vertex -75.33768927973543 -2.0 23.043021413808564
   vertex -75.33768927973543 105.0 23.043021413808564
  endloop
 endfacet
 facet normal -0.12021733138232922 0.0 0.9927475979499076
  outer loop
   vertex -75.56338569093532 -2.0 23.0156905793517
   vertex -75.33768927973543 105.0 23.043021413808564
   vertex -75.56338569093532 105.0 23.0156905793517
  endloop
 endfacet
 facet normal -0.12048011413965323 0.0 0.9927157408326395
  outer loop
   vertex -75.33768927973543 -2.0 23.043021413808564
   vertex -75.1137314357023 -2.0 23.07020186990665
   vertex -75.1137314357023 105.0 23.07020186990665
  endloop
 endfacet
 facet normal -0.12048011413965323 0.0 0.9927157408326395
  outer loop
   vertex -75.33768927973543 -2.0 23.043021413808564
   vertex -75.1137314357023 105.0 23.07020186990665
   vertex -75.33768927973543 105.0 23.043021413808564
  endloop
 endfacet
 facet normal -0.12073613761017349 0.0 0.9926846352568258
  outer loop
   vertex -75.1137314357023 -2.0 23.07020186990665
   vertex -74.89151803306939 -2.0 23.097228769494123
   vertex -74.89151803306939 105.0 23.097228769494123
  endloop
 endfacet
 facet normal -0.12073613761017349 0.0 0.9926846352568258
  outer loop
   vertex -75.1137314357023 -2.0 23.07020186990665
   vertex -74.89151803306939 105.0 23.097228769494123
   vertex -75.1137314357023 105.0 23.07020186990665
  endloop
 endfacet
 facet normal -0.1209855053019967 0.0 0.9926542739074973
  outer loop
   vertex -74.89151803306939 -2.0 23.097228769494123
   vertex -74.6710549043965 -2.0 23.12409899382505
   vertex -74.6710549043965 105.0 23.12409899382505
  endloop
 endfacet
 facet normal -0.1209855053019967 0.0 0.9926542739074973
  outer loop
   vertex -74.89151803306939 -2.0 23.097228769494123
   vertex -74.6710549043965 105.0 23.12409899382505
   vertex -74.89151803306939 105.0 23.097228769494123
  endloop
 endfacet
 facet normal -0.12122832040840409 0.0 0.9926246492662557
  outer loop
   vertex -74.6710549043965 -2.0 23.12409899382505
   vertex -74.45234784034687 -2.0 23.150809483087823
   vertex -74.45234784034687 105.0 23.150809483087823
  endloop
 endfacet
 facet normal -0.12122832040840409 0.0 0.9926246492662557
  outer loop
   vertex -74.6710549043965 -2.0 23.12409899382505
   vertex -74.45234784034687 105.0 23.150809483087823
   vertex -74.6710549043965 105.0 23.12409899382505
  endloop
 endfacet
 facet normal -0.1214646857932377 0.0 0.9925957536203498
  outer loop
   vertex -74.45234784034687 -2.0 23.150809483087823
   vertex -74.235402589465 -2.0 23.177357235923346
   vertex -74.235402589465 105.0 23.177357235923346
  endloop
 endfacet
 facet normal -0.1214646857932377 0.0 0.9925957536203498
  outer loop
   vertex -74.45234784034687 -2.0 23.150809483087823
   vertex -74.235402589465 105.0 23.177357235923346
   vertex -74.45234784034687 105.0 23.150809483087823
  endloop
 endfacet
 facet normal -0.12169470397656333 0.0 0.9925675790715999
  outer loop
   vertex -74.235402589465 -2.0 23.177357235923346
   vertex -74.02022485795423 -2.0 23.20373930893347
   vertex -74.02022485795423 105.0 23.20373930893347
  endloop
 endfacet
 facet normal -0.12169470397656333 0.0 0.9925675790715999
  outer loop
   vertex -74.235402589465 -2.0 23.177357235923346
   vertex -74.02022485795423 105.0 23.20373930893347
   vertex -74.235402589465 105.0 23.177357235923346
  endloop
 endfacet
 facet normal -0.12191847712013472 0.0 0.9925401175452341
  outer loop
   vertex -74.02022485795423 -2.0 23.20373930893347
   vertex -73.80682030945476 -2.0 23.22995281617982
   vertex -73.80682030945476 105.0 23.22995281617982
  endloop
 endfacet
 facet normal -0.12191847712013472 0.0 0.9925401175452341
  outer loop
   vertex -74.02022485795423 -2.0 23.20373930893347
   vertex -73.80682030945476 105.0 23.22995281617982
   vertex -74.02022485795423 105.0 23.20373930893347
  endloop
 endfacet
 facet normal -0.1221361070131066 0.0 0.9925133607985753
  outer loop
   vertex -73.80682030945476 -2.0 23.22995281617982
   vertex -73.59519456482205 -2.0 23.255994928673292
   vertex -73.59519456482205 105.0 23.255994928673292
  endloop
 endfacet
 facet normal -0.1221361070131066 0.0 0.9925133607985753
  outer loop
   vertex -73.80682030945476 -2.0 23.22995281617982
   vertex -73.59519456482205 105.0 23.255994928673292
   vertex -73.80682030945476 105.0 23.22995281617982
  endloop
 endfacet
 facet normal -0.1223476950579148 0.0 0.9924873004295902
  outer loop
   vertex -73.59519456482205 -2.0 23.255994928673292
   vertex -73.3853532019054 -2.0 23.281862873854607
   vertex -73.3853532019054 105.0 23.281862873854607
  endloop
 endfacet
 facet normal -0.1223476950579148 0.0 0.9924873004295902
  outer loop
   vertex -73.59519456482205 -2.0 23.255994928673292
   vertex -73.3853532019054 105.0 23.281862873854607
   vertex -73.59519456482205 105.0 23.255994928673292
  endloop
 endfacet
 facet normal -0.12255334225600303 0.0 0.9924619278853385
  outer loop
   vertex -73.3853532019054 -2.0 23.281862873854607
   vertex -73.17730175532695 -2.0 23.307553935066107
   vertex -73.17730175532695 105.0 23.307553935066107
  endloop
 endfacet
 facet normal -0.12255334225600303 0.0 0.9924619278853385
  outer loop
   vertex -73.3853532019054 -2.0 23.281862873854607
   vertex -73.17730175532695 105.0 23.307553935066107
   vertex -73.3853532019054 105.0 23.281862873854607
  endloop
 endfacet
 facet normal -0.12275314919379147 0.0 0.9924372344702745
  outer loop
   vertex -73.17730175532695 -2.0 23.307553935066107
   vertex -72.97104571626103 -2.0 23.333065451015116
   vertex -72.97104571626103 105.0 23.333065451015116
  endloop
 endfacet
 facet normal -0.12275314919379147 0.0 0.9924372344702745
  outer loop
   vertex -73.17730175532695 -2.0 23.307553935066107
   vertex -72.97104571626103 105.0 23.333065451015116
   vertex -73.17730175532695 105.0 23.307553935066107
  endloop
 endfacet
 facet normal -0.12294721602890649 0.0 0.9924132113543942
  outer loop
   vertex -72.97104571626103 -2.0 23.333065451015116
   vertex -72.76659053221397 -2.0 23.3583948152292
   vertex -72.76659053221397 105.0 23.3583948152292
  endloop
 endfacet
 facet normal -0.12294721602890649 0.0 0.9924132113543942
  outer loop
   vertex -72.97104571626103 -2.0 23.333065451015116
   vertex -72.76659053221397 105.0 23.3583948152292
   vertex -72.97104571626103 105.0 23.333065451015116
  endloop
 endfacet
 facet normal -0.12313564247600636 0.0 0.992389849581313
  outer loop
   vertex -72.76659053221397 -2.0 23.3583948152292
   vertex -72.5639416068046 -2.0 23.38353947550347
   vertex -72.5639416068046 105.0 23.38353947550347
  endloop
 endfacet
 facet normal -0.12313564247600636 0.0 0.992389849581313
  outer loop
   vertex -72.76659053221397 -2.0 23.3583948152292
   vertex -72.5639416068046 105.0 23.38353947550347
   vertex -72.76659053221397 105.0 23.3583948152292
  endloop
 endfacet
 facet normal -0.12331852779328793 0.0 0.9923671400761394
  outer loop
   vertex -72.5639416068046 -2.0 23.38353947550347
   vertex -72.36310429954483 -2.0 23.408496933340437
   vertex -72.36310429954483 105.0 23.408496933340437
  endloop
 endfacet
 facet normal -0.12331852779328793 0.0 0.9923671400761394
  outer loop
   vertex -72.5639416068046 -2.0 23.38353947550347
   vertex -72.36310429954483 105.0 23.408496933340437
   vertex -72.5639416068046 105.0 23.38353947550347
  endloop
 endfacet
 facet normal -0.12349597076857938 0.0 0.9923450736532762
  outer loop
   vertex -72.36310429954483 -2.0 23.408496933340437
   vertex -72.16408392562116 -2.0 23.43326474338251
   vertex -72.16408392562116 105.0 23.43326474338251
  endloop
 endfacet
 facet normal -0.12349597076857938 0.0 0.9923450736532762
  outer loop
   vertex -72.36310429954483 -2.0 23.408496933340437
   vertex -72.16408392562116 105.0 23.43326474338251
   vertex -72.36310429954483 105.0 23.408496933340437
  endloop
 endfacet
 facet normal -0.12366806970589993 0.0 0.9923236410240445
  outer loop
   vertex -72.16408392562116 -2.0 23.43326474338251
   vertex -71.96688575567651 -2.0 23.457840512837546
   vertex -71.96688575567651 105.0 23.457840512837546
  endloop
 endfacet
 facet normal -0.12366806970589993 0.0 0.9923236410240445
  outer loop
   vertex -72.16408392562116 -2.0 23.43326474338251
   vertex -71.96688575567651 105.0 23.457840512837546
   vertex -72.16408392562116 105.0 23.43326474338251
  endloop
 endfacet
 facet normal -0.12383492241174408 0.0 0.9923028328042187
  outer loop
   vertex -71.96688575567651 -2.0 23.457840512837546
   vertex -71.77151501559288 -2.0 23.48222190089769
   vertex -71.77151501559288 105.0 23.48222190089769
  endloop
 endfacet
 facet normal -0.12383492241174408 0.0 0.9923028328042187
  outer loop
   vertex -71.96688575567651 -2.0 23.457840512837546
   vertex -71.77151501559288 105.0 23.48222190089769
   vertex -71.96688575567651 105.0 23.457840512837546
  endloop
 endfacet
 facet normal -0.12399662618195485 0.0 0.9922826395213677
  outer loop
   vertex -71.77151501559288 -2.0 23.48222190089769
   vertex -71.57797688627463 -2.0 23.506406618151846
   vertex -71.57797688627463 105.0 23.506406618151846
  endloop
 endfacet
 facet normal -0.12399662618195485 0.0 0.9922826395213677
  outer loop
   vertex -71.77151501559288 -2.0 23.48222190089769
   vertex -71.57797688627463 105.0 23.506406618151846
   vertex -71.77151501559288 105.0 23.48222190089769
  endloop
 endfacet
 facet normal -0.12415327778802843 0.0 0.9922630516221436
  outer loop
   vertex -71.57797688627463 -2.0 23.506406618151846
   vertex -71.38627650343233 -2.0 23.530392425991998
   vertex -71.38627650343233 105.0 23.530392425991998
  endloop
 endfacet
 facet normal -0.12415327778802843 0.0 0.9922630516221436
  outer loop
   vertex -71.57797688627463 -2.0 23.506406618151846
   vertex -71.38627650343233 105.0 23.530392425991998
   vertex -71.57797688627463 105.0 23.506406618151846
  endloop
 endfacet
 facet normal -0.12430497346410109 0.0 0.9922440594793647
  outer loop
   vertex -71.38627650343233 -2.0 23.530392425991998
   vertex -71.19641895736737 -2.0 23.55417713601379
   vertex -71.19641895736737 105.0 23.55417713601379
  endloop
 endfacet
 facet normal -0.12430497346410109 0.0 0.9922440594793647
  outer loop
   vertex -71.38627650343233 -2.0 23.530392425991998
   vertex -71.19641895736737 105.0 23.55417713601379
   vertex -71.38627650343233 105.0 23.530392425991998
  endloop
 endfacet
 facet normal -0.1244518088938639 0.0 0.9922256533989863
  outer loop
   vertex -71.19641895736737 -2.0 23.55417713601379
   vertex -71.00840929275762 -2.0 23.57775860941156
   vertex -71.00840929275762 105.0 23.57775860941156
  endloop
 endfacet
 facet normal -0.1244518088938639 0.0 0.9922256533989863
  outer loop
   vertex -71.19641895736737 -2.0 23.55417713601379
   vertex -71.00840929275762 105.0 23.57775860941156
   vertex -71.19641895736737 105.0 23.55417713601379
  endloop
 endfacet
 facet normal -0.1245938791970736 0.0 0.9922078236269986
  outer loop
   vertex -71.00840929275762 -2.0 23.57775860941156
   vertex -70.8222525084434 -2.0 23.60113475636813
   vertex -70.8222525084434 105.0 23.60113475636813
  endloop
 endfacet
 facet normal -0.1245938791970736 0.0 0.9922078236269986
  outer loop
   vertex -71.00840929275762 -2.0 23.57775860941156
   vertex -70.8222525084434 105.0 23.60113475636813
   vertex -71.00840929275762 105.0 23.57775860941156
  endloop
 endfacet
 facet normal -0.12473127891712371 0.0 0.9921905603560733
  outer loop
   vertex -70.8222525084434 -2.0 23.60113475636813
   vertex -70.63795355721483 -2.0 23.624303535439736
   vertex -70.63795355721483 105.0 23.624303535439736
  endloop
 endfacet
 facet normal -0.12473127891712371 0.0 0.9921905603560733
  outer loop
   vertex -70.8222525084434 -2.0 23.60113475636813
   vertex -70.63795355721483 105.0 23.624303535439736
   vertex -70.8222525084434 105.0 23.60113475636813
  endloop
 endfacet
 facet normal -0.12486410200778106 0.0 0.9921738537321927
  outer loop
   vertex -70.63795355721483 -2.0 23.624303535439736
   vertex -70.45551734559967 -2.0 23.647262952936316
   vertex -70.45551734559967 105.0 23.647262952936316
  endloop
 endfacet
 facet normal -0.12486410200778106 0.0 0.9921738537321927
  outer loop
   vertex -70.63795355721483 -2.0 23.624303535439736
   vertex -70.45551734559967 105.0 23.647262952936316
   vertex -70.63795355721483 105.0 23.624303535439736
  endloop
 endfacet
 facet normal -0.12499244182044655 0.0 0.992157693861093
  outer loop
   vertex -70.45551734559967 -2.0 23.647262952936316
   vertex -70.27494873365231 -2.0 23.670011062297437
   vertex -70.27494873365231 105.0 23.670011062297437
  endloop
 endfacet
 facet normal -0.12499244182044655 0.0 0.992157693861093
  outer loop
   vertex -70.45551734559967 -2.0 23.647262952936316
   vertex -70.27494873365231 105.0 23.670011062297437
   vertex -70.45551734559967 105.0 23.647262952936316
  endloop
 endfacet
 facet normal -0.12511639109160053 0.0 0.9921420708145652
  outer loop
   vertex -70.27494873365231 -2.0 23.670011062297437
   vertex -70.09625253474351 -2.0 23.692545963464262
   vertex -70.09625253474351 105.0 23.692545963464262
  endloop
 endfacet
 facet normal -0.12511639109160053 0.0 0.9921420708145652
  outer loop
   vertex -70.27494873365231 -2.0 23.670011062297437
   vertex -70.09625253474351 105.0 23.692545963464262
   vertex -70.27494873365231 105.0 23.670011062297437
  endloop
 endfacet
 facet normal -0.12523604193005086 0.0 0.9921269746366614
  outer loop
   vertex -70.09625253474351 -2.0 23.692545963464262
   vertex -69.9194335153515 -2.0 23.71486580224772
   vertex -69.9194335153515 105.0 23.71486580224772
  endloop
 endfacet
 facet normal -0.12523604193005086 0.0 0.9921269746366614
  outer loop
   vertex -70.09625253474351 -2.0 23.692545963464262
   vertex -69.9194335153515 105.0 23.71486580224772
   vertex -70.09625253474351 105.0 23.692545963464262
  endloop
 endfacet
 facet normal -0.1253514858044346 0.0 0.9921123953497509
  outer loop
   vertex -69.9194335153515 -2.0 23.71486580224772
   vertex -69.74449639485363 -2.0 23.736968769693284
   vertex -69.74449639485363 105.0 23.736968769693284
  endloop
 endfacet
 facet normal -0.1253514858044346 0.0 0.9921123953497509
  outer loop
   vertex -69.9194335153515 -2.0 23.71486580224772
   vertex -69.74449639485363 105.0 23.736968769693284
   vertex -69.9194335153515 105.0 23.71486580224772
  endloop
 endfacet
 facet normal -0.12546281353977656 0.0 0.9920983229593139
  outer loop
   vertex -69.74449639485363 -2.0 23.736968769693284
   vertex -69.57144584531972 -2.0 23.75885310144416
   vertex -69.57144584531972 105.0 23.75885310144416
  endloop
 endfacet
 facet normal -0.12546281353977656 0.0 0.9920983229593139
  outer loop
   vertex -69.74449639485363 -2.0 23.736968769693284
   vertex -69.57144584531972 105.0 23.75885310144416
   vertex -69.74449639485363 105.0 23.736968769693284
  endloop
 endfacet
 facet normal -0.12557195007777974 0.0 0.992084515227238
  outer loop
   vertex -69.57144584531972 -2.0 23.75885310144416
   vertex -69.40028653197163 -2.0 23.780517393569685
   vertex -69.40028653197163 105.0 23.780517393569685
  endloop
 endfacet
 facet normal -0.12557195007777974 0.0 0.992084515227238
  outer loop
   vertex -69.57144584531972 -2.0 23.75885310144416
   vertex -69.40028653197163 105.0 23.780517393569685
   vertex -69.57144584531972 105.0 23.75885310144416
  endloop
 endfacet
 facet normal -0.12568585578128766 0.0 0.9920700911006871
  outer loop
   vertex -69.40028653197163 -2.0 23.780517393569685
   vertex -69.23102322156643 -2.0 23.801961446980314
   vertex -69.23102322156643 105.0 23.801961446980314
  endloop
 endfacet
 facet normal -0.12568585578128766 0.0 0.9920700911006871
  outer loop
   vertex -69.40028653197163 -2.0 23.780517393569685
   vertex -69.23102322156643 105.0 23.801961446980314
   vertex -69.40028653197163 105.0 23.780517393569685
  endloop
 endfacet
 facet normal -0.12580596527697557 0.0 0.9920548669810195
  outer loop
   vertex -69.23102322156643 -2.0 23.801961446980314
   vertex -69.06366065569269 -2.0 23.82318528232629
   vertex -69.06366065569269 105.0 23.82318528232629
  endloop
 endfacet
 facet normal -0.12580596527697557 0.0 0.9920548669810195
  outer loop
   vertex -69.23102322156643 -2.0 23.801961446980314
   vertex -69.06366065569269 105.0 23.82318528232629
   vertex -69.23102322156643 105.0 23.801961446980314
  endloop
 endfacet
 facet normal -0.12593202355128633 0.0 0.9920388729501876
  outer loop
   vertex -69.06366065569269 -2.0 23.82318528232629
   vertex -68.89820351302293 -2.0 23.84418884716186
   vertex -68.89820351302293 105.0 23.84418884716186
  endloop
 endfacet
 facet normal -0.12593202355128633 0.0 0.9920388729501876
  outer loop
   vertex -69.06366065569269 -2.0 23.82318528232629
   vertex -68.89820351302293 105.0 23.84418884716186
   vertex -69.06366065569269 105.0 23.82318528232629
  endloop
 endfacet
 facet normal -0.12606377766452678 0.0 0.9920221388461796
  outer loop
   vertex -68.89820351302293 -2.0 23.84418884716186
   vertex -68.73465640947444 -2.0 23.864972018113463
   vertex -68.73465640947444 105.0 23.864972018113463
  endloop
 endfacet
 facet normal -0.12606377766452678 0.0 0.9920221388461796
  outer loop
   vertex -68.89820351302293 -2.0 23.84418884716186
   vertex -68.73465640947444 105.0 23.864972018113463
   vertex -68.89820351302293 105.0 23.84418884716186
  endloop
 endfacet
 facet normal -0.1262009767867138 0.0 0.9920046942721992
  outer loop
   vertex -68.73465640947444 -2.0 23.864972018113463
   vertex -68.57302389837182 -2.0 23.88553460304821
   vertex -68.57302389837182 105.0 23.88553460304821
  endloop
 endfacet
 facet normal -0.1262009767867138 0.0 0.9920046942721992
  outer loop
   vertex -68.73465640947444 -2.0 23.864972018113463
   vertex -68.57302389837182 105.0 23.88553460304821
   vertex -68.73465640947444 105.0 23.864972018113463
  endloop
 endfacet
 facet normal -0.126343372232823 0.0 0.9919865686050586
  outer loop
   vertex -68.57302389837182 -2.0 23.88553460304821
   vertex -68.41331047061094 -2.0 23.90587634324188
   vertex -68.41331047061094 105.0 23.90587634324188
  endloop
 endfacet
 facet normal -0.126343372232823 0.0 0.9919865686050586
  outer loop
   vertex -68.57302389837182 -2.0 23.88553460304821
   vertex -68.41331047061094 105.0 23.90587634324188
   vertex -68.57302389837182 105.0 23.88553460304821
  endloop
 endfacet
 facet normal -0.12649071749802224 0.0 0.9919677910027298
  outer loop
   vertex -68.41331047061094 -2.0 23.90587634324188
   vertex -68.25552055482405 -2.0 23.925996915545603
   vertex -68.25552055482405 105.0 23.925996915545603
  endloop
 endfacet
 facet normal -0.12649071749802224 0.0 0.9919677910027298
  outer loop
   vertex -68.41331047061094 -2.0 23.90587634324188
   vertex -68.25552055482405 105.0 23.925996915545603
   vertex -68.41331047061094 105.0 23.90587634324188
  endloop
 endfacet
 facet normal -0.1266427682922806 0.0 0.9919483904111482
  outer loop
   vertex -68.25552055482405 -2.0 23.925996915545603
   vertex -68.0996585175462 -2.0 23.94589593455037
   vertex -68.0996585175462 105.0 23.94589593455037
  endloop
 endfacet
 facet normal -0.1266427682922806 0.0 0.9919483904111482
  outer loop
   vertex -68.25552055482405 -2.0 23.925996915545603
   vertex -68.0996585175462 105.0 23.94589593455037
   vertex -68.25552055482405 105.0 23.925996915545603
  endloop
 endfacet
 facet normal -0.12679928257452303 0.0 0.9919283955702579
  outer loop
   vertex -68.0996585175462 -2.0 23.94589593455037
   vertex -67.94572866338268 -2.0 23.965572954748502
   vertex -67.94572866338268 105.0 23.965572954748502
  endloop
 endfacet
 facet normal -0.12679928257452303 0.0 0.9919283955702579
  outer loop
   vertex -68.0996585175462 -2.0 23.94589593455037
   vertex -67.94572866338268 105.0 23.965572954748502
   vertex -68.0996585175462 105.0 23.94589593455037
  endloop
 endfacet
 facet normal -0.12696002058661904 0.0 0.991907835019285
  outer loop
   vertex -67.94572866338268 -2.0 23.965572954748502
   vertex -67.79373523517754 -2.0 23.98502747269127
   vertex -67.79373523517754 105.0 23.98502747269127
  endloop
 endfacet
 facet normal -0.12696002058661904 0.0 0.991907835019285
  outer loop
   vertex -67.94572866338268 -2.0 23.965572954748502
   vertex -67.79373523517754 105.0 23.98502747269127
   vertex -67.94572866338268 105.0 23.965572954748502
  endloop
 endfacet
 facet normal -0.12712474488689052 0.0 0.9918867371012896
  outer loop
   vertex -67.79373523517754 -2.0 23.98502747269127
   vertex -67.64368241418272 -2.0 24.004258929141905
   vertex -67.64368241418272 105.0 24.004258929141905
  endloop
 endfacet
 facet normal -0.12712474488689052 0.0 0.9918867371012896
  outer loop
   vertex -67.79373523517754 -2.0 23.98502747269127
   vertex -67.64368241418272 105.0 24.004258929141905
   vertex -67.79373523517754 105.0 23.98502747269127
  endloop
 endfacet
 facet normal -0.12729322038300778 0.0 0.9918651299670349
  outer loop
   vertex -67.64368241418272 -2.0 24.004258929141905
   vertex -67.49557432022834 -2.0 24.02326671122299
   vertex -67.49557432022834 105.0 24.02326671122299
  endloop
 endfacet
 facet normal -0.12729322038300778 0.0 0.9918651299670349
  outer loop
   vertex -67.64368241418272 -2.0 24.004258929141905
   vertex -67.49557432022834 105.0 24.02326671122299
   vertex -67.64368241418272 105.0 24.004258929141905
  endloop
 endfacet
 facet normal -0.12746521436512817 0.0 0.9918430415780776
  outer loop
   vertex -67.49557432022834 -2.0 24.02326671122299
   vertex -67.34941501189319 -2.0 24.042050154557693
   vertex -67.34941501189319 105.0 24.042050154557693
  endloop
 endfacet
 facet normal -0.12746521436512817 0.0 0.9918430415780776
  outer loop
   vertex -67.49557432022834 -2.0 24.02326671122299
   vertex -67.34941501189319 105.0 24.042050154557693
   vertex -67.49557432022834 105.0 24.02326671122299
  endloop
 endfacet
 facet normal -0.12764049653768608 0.0 0.9918204997093037
  outer loop
   vertex -67.34941501189319 -2.0 24.042050154557693
   vertex -67.20520848667604 -2.0 24.060608545403703
   vertex -67.20520848667604 105.0 24.060608545403703
  endloop
 endfacet
 facet normal -0.12764049653768608 0.0 0.9918204997093037
  outer loop
   vertex -67.34941501189319 -2.0 24.042050154557693
   vertex -67.20520848667604 105.0 24.060608545403703
   vertex -67.34941501189319 105.0 24.042050154557693
  endloop
 endfacet
 facet normal -0.12781883905152705 0.0 0.9917975319507101
  outer loop
   vertex -67.20520848667604 -2.0 24.060608545403703
   vertex -67.06295868116747 -2.0 24.078941122779298
   vertex -67.06295868116747 105.0 24.078941122779298
  endloop
 endfacet
 facet normal -0.12781883905152705 0.0 0.9917975319507101
  outer loop
   vertex -67.20520848667604 -2.0 24.060608545403703
   vertex -67.06295868116747 105.0 24.078941122779298
   vertex -67.20520848667604 105.0 24.060608545403703
  endloop
 endfacet
 facet normal -0.12800001653550433 0.0 0.9917741657085603
  outer loop
   vertex -67.06295868116747 -2.0 24.078941122779298
   vertex -66.92266947122164 -2.0 24.09704708058068
   vertex -66.92266947122164 105.0 24.09704708058068
  endloop
 endfacet
 facet normal -0.12800001653550433 0.0 0.9917741657085603
  outer loop
   vertex -67.06295868116747 -2.0 24.078941122779298
   vertex -66.92266947122164 105.0 24.09704708058068
   vertex -67.06295868116747 105.0 24.078941122779298
  endloop
 endfacet
 facet normal -0.12818380612743227 0.0 0.9917504282059497
  outer loop
   vertex -66.92266947122164 -2.0 24.09704708058068
   vertex -66.78434467212873 -2.0 24.114925569689696
   vertex -66.78434467212873 105.0 24.114925569689696
  endloop
 endfacet
 facet normal -0.12818380612743227 0.0 0.9917504282059497
  outer loop
   vertex -66.92266947122164 -2.0 24.09704708058068
   vertex -66.78434467212873 105.0 24.114925569689696
   vertex -66.92266947122164 105.0 24.09704708058068
  endloop
 endfacet
 facet normal -0.12836998750461587 0.0 0.9917263464827708
  outer loop
   vertex -66.78434467212873 -2.0 24.114925569689696
   vertex -66.64798803878729 -2.0 24.132575700071218
   vertex -66.64798803878729 105.0 24.132575700071218
  endloop
 endfacet
 facet normal -0.12836998750461587 0.0 0.9917263464827708
  outer loop
   vertex -66.78434467212873 -2.0 24.114925569689696
   vertex -66.64798803878729 105.0 24.132575700071218
   vertex -66.78434467212873 105.0 24.114925569689696
  endloop
 endfacet
 facet normal -0.12855834291447987 0.0 0.991701947395024
  outer loop
   vertex -66.64798803878729 -2.0 24.132575700071218
   vertex -66.5136032658765 -2.0 24.149996542859448
   vertex -66.5136032658765 105.0 24.149996542859448
  endloop
 endfacet
 facet normal -0.12855834291447987 0.0 0.991701947395024
  outer loop
   vertex -66.64798803878729 -2.0 24.132575700071218
   vertex -66.5136032658765 105.0 24.149996542859448
   vertex -66.64798803878729 105.0 24.132575700071218
  endloop
 endfacet
 facet normal -0.128748657204078 0.0 0.9916772576136588
  outer loop
   vertex -66.5136032658765 -2.0 24.149996542859448
   vertex -66.3811939880287 -2.0 24.167187132432197
   vertex -66.3811939880287 105.0 24.167187132432197
  endloop
 endfacet
 facet normal -0.128748657204078 0.0 0.9916772576136588
  outer loop
   vertex -66.5136032658765 -2.0 24.149996542859448
   vertex -66.3811939880287 105.0 24.167187132432197
   vertex -66.5136032658765 105.0 24.149996542859448
  endloop
 endfacet
 facet normal -0.1289407178495599 0.0 0.9916523036228172
  outer loop
   vertex -66.3811939880287 -2.0 24.167187132432197
   vertex -66.2507637800014 -2.0 24.184146468472527
   vertex -66.2507637800014 105.0 24.184146468472527
  endloop
 endfacet
 facet normal -0.1289407178495599 0.0 0.9916523036228172
  outer loop
   vertex -66.3811939880287 -2.0 24.167187132432197
   vertex -66.2507637800014 105.0 24.184146468472527
   vertex -66.3811939880287 105.0 24.167187132432197
  endloop
 endfacet
 facet normal -0.1291343149853363 0.0 0.9916271117175387
  outer loop
   vertex -66.2507637800014 -2.0 24.184146468472527
   vertex -66.1223161568492 -2.0 24.200873518016913
   vertex -66.1223161568492 105.0 24.200873518016913
  endloop
 endfacet
 facet normal -0.1291343149853363 0.0 0.9916271117175387
  outer loop
   vertex -66.2507637800014 -2.0 24.184146468472527
   vertex -66.1223161568492 105.0 24.200873518016913
   vertex -66.2507637800014 105.0 24.184146468472527
  endloop
 endfacet
 facet normal -0.12932924143250063 0.0 0.9916017080009968
  outer loop
   vertex -66.1223161568492 -2.0 24.200873518016913
   vertex -65.99585457409515 -2.0 24.21736721748916
   vertex -65.99585457409515 105.0 24.21736721748916
  endloop
 endfacet
 facet normal -0.12932924143250063 0.0 0.9916017080009968
  outer loop
   vertex -66.1223161568492 -2.0 24.200873518016913
   vertex -65.99585457409515 105.0 24.21736721748916
   vertex -66.1223161568492 105.0 24.200873518016913
  endloop
 endfacet
 facet normal -0.12952529272690141 0.0 0.9915761183812419
  outer loop
   vertex -65.99585457409515 -2.0 24.21736721748916
   vertex -65.87138242790189 -2.0 24.2336264747193
   vertex -65.87138242790189 105.0 24.2336264747193
  endloop
 endfacet
 facet normal -0.12952529272690141 0.0 0.9915761183812419
  outer loop
   vertex -65.99585457409515 -2.0 24.21736721748916
   vertex -65.87138242790189 105.0 24.2336264747193
   vertex -65.99585457409515 105.0 24.21736721748916
  endloop
 endfacet
 facet normal -0.1297222671470504 0.0 0.9915503685674416
  outer loop
   vertex -65.87138242790189 -2.0 24.2336264747193
   vertex -65.74890305524208 -2.0 24.24965017094679
   vertex -65.74890305524208 105.0 24.24965017094679
  endloop
 endfacet
 facet normal -0.1297222671470504 0.0 0.9915503685674416
  outer loop
   vertex -65.87138242790189 -2.0 24.2336264747193
   vertex -65.74890305524208 105.0 24.24965017094679
   vertex -65.87138242790189 105.0 24.2336264747193
  endloop
 endfacet
 facet normal -0.1299199657412338 0.0 0.9915244840657222
  outer loop
   vertex -65.74890305524208 -2.0 24.24965017094679
   vertex -65.62841973406802 -2.0 24.26543716280718
   vertex -65.62841973406802 105.0 24.26543716280718
  endloop
 endfacet
 facet normal -0.1299199657412338 0.0 0.9915244840657222
  outer loop
   vertex -65.74890305524208 -2.0 24.24965017094679
   vertex -65.62841973406802 105.0 24.26543716280718
   vertex -65.74890305524208 105.0 24.24965017094679
  endloop
 endfacet
 facet normal -0.1301181923543522 0.0 0.9914984901745618
  outer loop
   vertex -65.62841973406802 -2.0 24.26543716280718
   vertex -65.50993568348078 -2.0 24.280986284301576
   vertex -65.50993568348078 105.0 24.280986284301576
  endloop
 endfacet
 facet normal -0.1301181923543522 0.0 0.9914984901745618
  outer loop
   vertex -65.62841973406802 -2.0 24.26543716280718
   vertex -65.50993568348078 105.0 24.280986284301576
   vertex -65.62841973406802 105.0 24.26543716280718
  endloop
 endfacet
 facet normal -0.1303167536542593 0.0 0.9914724119797863
  outer loop
   vertex -65.50993568348078 -2.0 24.280986284301576
   vertex -65.39345406389822 -2.0 24.29629634874813
   vertex -65.39345406389822 105.0 24.29629634874813
  endloop
 endfacet
 facet normal -0.1303167536542593 0.0 0.9914724119797863
  outer loop
   vertex -65.50993568348078 -2.0 24.280986284301576
   vertex -65.39345406389822 105.0 24.29629634874813
   vertex -65.50993568348078 105.0 24.280986284301576
  endloop
 endfacet
 facet normal -0.13051545915797316 0.0 0.9914462743491366
  outer loop
   vertex -65.39345406389822 -2.0 24.29629634874813
   vertex -65.27897797722218 -2.0 24.311366150714896
   vertex -65.27897797722218 105.0 24.311366150714896
  endloop
 endfacet
 facet normal -0.13051545915797316 0.0 0.9914462743491366
  outer loop
   vertex -65.39345406389822 -2.0 24.29629634874813
   vertex -65.27897797722218 105.0 24.311366150714896
   vertex -65.39345406389822 105.0 24.29629634874813
  endloop
 endfacet
 facet normal -0.1307141212568425 0.0 0.9914201019265504
  outer loop
   vertex -65.27897797722218 -2.0 24.311366150714896
   vertex -65.16651046700468 -2.0 24.326194467933256
   vertex -65.16651046700468 105.0 24.326194467933256
  endloop
 endfacet
 facet normal -0.1307141212568425 0.0 0.9914201019265504
  outer loop
   vertex -65.27897797722218 -2.0 24.311366150714896
   vertex -65.16651046700468 105.0 24.326194467933256
   vertex -65.27897797722218 105.0 24.311366150714896
  endloop
 endfacet
 facet normal -0.13091255524165982 0.0 0.9913939191260452
  outer loop
   vertex -65.16651046700468 -2.0 24.326194467933256
   vertex -65.05605451861274 -2.0 24.34078006319127
   vertex -65.05605451861274 105.0 24.34078006319127
  endloop
 endfacet
 facet normal -0.13091255524165982 0.0 0.9913939191260452
  outer loop
   vertex -65.16651046700468 -2.0 24.326194467933256
   vertex -65.05605451861274 105.0 24.34078006319127
   vertex -65.16651046700468 105.0 24.326194467933256
  endloop
 endfacet
 facet normal -0.13111057932754822 0.0 0.9913677501252474
  outer loop
   vertex -65.05605451861274 -2.0 24.34078006319127
   vertex -64.94761305939224 -2.0 24.35512168620627
   vertex -64.94761305939224 105.0 24.35512168620627
  endloop
 endfacet
 facet normal -0.13111057932754822 0.0 0.9913677501252474
  outer loop
   vertex -65.05605451861274 -2.0 24.34078006319127
   vertex -64.94761305939224 105.0 24.35512168620627
   vertex -65.05605451861274 105.0 24.34078006319127
  endloop
 endfacet
 facet normal -0.1313080146777447 0.0 0.9913416188587005
  outer loop
   vertex -64.94761305939224 -2.0 24.35512168620627
   vertex -64.84118895883029 -2.0 24.36921807547594
   vertex -64.84118895883029 105.0 24.36921807547594
  endloop
 endfacet
 facet normal -0.1313080146777447 0.0 0.9913416188587005
  outer loop
   vertex -64.94761305939224 -2.0 24.35512168620627
   vertex -64.84118895883029 105.0 24.36921807547594
   vertex -64.94761305939224 105.0 24.35512168620627
  endloop
 endfacet
 facet normal -0.1315046854273772 0.0 0.9913155490108316
  outer loop
   vertex -64.84118895883029 -2.0 24.36921807547594
   vertex -64.73678502871618 -2.0 24.38306796010726
   vertex -64.73678502871618 105.0 24.38306796010726
  endloop
 endfacet
 facet normal -0.1315046854273772 0.0 0.9913155490108316
  outer loop
   vertex -64.84118895883029 -2.0 24.36921807547594
   vertex -64.73678502871618 105.0 24.38306796010726
   vertex -64.84118895883029 105.0 24.36921807547594
  endloop
 endfacet
 facet normal -0.13170041870711555 0.0 0.9912895640086051
  outer loop
   vertex -64.73678502871618 -2.0 24.38306796010726
   vertex -64.63440402330107 -2.0 24.396670061622686
   vertex -64.63440402330107 105.0 24.396670061622686
  endloop
 endfacet
 facet normal -0.13170041870711555 0.0 0.9912895640086051
  outer loop
   vertex -64.73678502871618 -2.0 24.38306796010726
   vertex -64.63440402330107 105.0 24.396670061622686
   vertex -64.73678502871618 105.0 24.38306796010726
  endloop
 endfacet
 facet normal -0.13189504466522733 0.0 0.9912636870140848
  outer loop
   vertex -64.63440402330107 -2.0 24.396670061622686
   vertex -64.5340486394557 -2.0 24.41002309574275
   vertex -64.5340486394557 105.0 24.41002309574275
  endloop
 endfacet
 facet normal -0.13189504466522733 0.0 0.9912636870140848
  outer loop
   vertex -64.63440402330107 -2.0 24.396670061622686
   vertex -64.5340486394557 105.0 24.41002309574275
   vertex -64.63440402330107 105.0 24.396670061622686
  endloop
 endfacet
 facet normal -0.13208839649061668 0.0 0.9912379409165781
  outer loop
   vertex -64.5340486394557 -2.0 24.41002309574275
   vertex -64.4357215168268 -2.0 24.423125774144648
   vertex -64.4357215168268 105.0 24.423125774144648
  endloop
 endfacet
 facet normal -0.13208839649061668 0.0 0.9912379409165781
  outer loop
   vertex -64.5340486394557 -2.0 24.41002309574275
   vertex -64.4357215168268 105.0 24.423125774144648
   vertex -64.5340486394557 105.0 24.41002309574275
  endloop
 endfacet
 facet normal -0.13228031043420344 0.0 0.9912123483247325
  outer loop
   vertex -64.4357215168268 -2.0 24.423125774144648
   vertex -64.3394252379915 -2.0 24.435976806195974
   vertex -64.3394252379915 105.0 24.435976806195974
  endloop
 endfacet
 facet normal -0.13228031043420344 0.0 0.9912123483247325
  outer loop
   vertex -64.4357215168268 -2.0 24.423125774144648
   vertex -64.3394252379915 105.0 24.435976806195974
   vertex -64.4357215168268 105.0 24.423125774144648
  endloop
 endfacet
 facet normal -0.13247062583052946 0.0 0.9911869315583555
  outer loop
   vertex -64.3394252379915 -2.0 24.435976806195974
   vertex -64.24516232861014 -2.0 24.448574900663104
   vertex -64.24516232861014 105.0 24.448574900663104
  endloop
 endfacet
 facet normal -0.13247062583052946 0.0 0.9911869315583555
  outer loop
   vertex -64.3394252379915 -2.0 24.435976806195974
   vertex -64.24516232861014 105.0 24.448574900663104
   vertex -64.3394252379915 105.0 24.435976806195974
  endloop
 endfacet
 facet normal -0.13265918511888924 0.0 0.9911617126400678
  outer loop
   vertex -64.24516232861014 -2.0 24.448574900663104
   vertex -64.15293525757681 -2.0 24.460918767393583
   vertex -64.15293525757681 105.0 24.460918767393583
  endloop
 endfacet
 facet normal -0.13265918511888924 0.0 0.9911617126400678
  outer loop
   vertex -64.24516232861014 -2.0 24.448574900663104
   vertex -64.15293525757681 105.0 24.460918767393583
   vertex -64.24516232861014 105.0 24.448574900663104
  endloop
 endfacet
 facet normal -0.13284583386337429 0.0 0.991136713286893
  outer loop
   vertex -64.15293525757681 -2.0 24.460918767393583
   vertex -64.06274643716836 -2.0 24.473007118971825
   vertex -64.06274643716836 105.0 24.473007118971825
  endloop
 endfacet
 facet normal -0.13284583386337429 0.0 0.991136713286893
  outer loop
   vertex -64.15293525757681 -2.0 24.460918767393583
   vertex -64.06274643716836 105.0 24.473007118971825
   vertex -64.15293525757681 105.0 24.460918767393583
  endloop
 endfacet
 facet normal -0.133030420773372 0.0 0.9911119549015942
  outer loop
   vertex -64.06274643716836 -2.0 24.473007118971825
   vertex -63.974598223190924 -2.0 24.484838672347653
   vertex -63.974598223190924 105.0 24.484838672347653
  endloop
 endfacet
 facet normal -0.133030420773372 0.0 0.9911119549015942
  outer loop
   vertex -64.06274643716836 -2.0 24.473007118971825
   vertex -63.974598223190924 105.0 24.484838672347653
   vertex -64.06274643716836 105.0 24.473007118971825
  endloop
 endfacet
 facet normal -0.13321279772282865 0.0 0.9910874585640043
  outer loop
   vertex -63.974598223190924 -2.0 24.484838672347653
   vertex -63.88849291512446 -2.0 24.496412150437003
   vertex -63.88849291512446 105.0 24.496412150437003
  endloop
 endfacet
 facet normal -0.13321279772282865 0.0 0.9910874585640043
  outer loop
   vertex -63.974598223190924 -2.0 24.484838672347653
   vertex -63.88849291512446 105.0 24.496412150437003
   vertex -63.974598223190924 105.0 24.484838672347653
  endloop
 endfacet
 facet normal -0.13339281976937217 0.0 0.9910632450222215
  outer loop
   vertex -63.88849291512446 -2.0 24.496412150437003
   vertex -63.80443275626524 -2.0 24.5077262836942
   vertex -63.80443275626524 105.0 24.5077262836942
  endloop
 endfacet
 facet normal -0.13339281976937217 0.0 0.9910632450222215
  outer loop
   vertex -63.88849291512446 -2.0 24.496412150437003
   vertex -63.80443275626524 105.0 24.5077262836942
   vertex -63.88849291512446 105.0 24.496412150437003
  endloop
 endfacet
 facet normal -0.133570345173322 0.0 0.9910393346836843
  outer loop
   vertex -63.80443275626524 -2.0 24.5077262836942
   vertex -63.72241993386572 -2.0 24.518779811655367
   vertex -63.72241993386572 105.0 24.518779811655367
  endloop
 endfacet
 facet normal -0.133570345173322 0.0 0.9910393346836843
  outer loop
   vertex -63.80443275626524 -2.0 24.5077262836942
   vertex -63.72241993386572 105.0 24.518779811655367
   vertex -63.80443275626524 105.0 24.5077262836942
  endloop
 endfacet
 facet normal -0.1337452354152589 0.0 0.9910157476063218
  outer loop
   vertex -63.72241993386572 -2.0 24.518779811655367
   vertex -63.642456579272164 -2.0 24.529571484452234
   vertex -63.642456579272164 105.0 24.529571484452234
  endloop
 endfacet
 facet normal -0.1337452354152589 0.0 0.9910157476063218
  outer loop
   vertex -63.72241993386572 -2.0 24.518779811655367
   vertex -63.642456579272164 105.0 24.529571484452234
   vertex -63.72241993386572 105.0 24.518779811655367
  endloop
 endfacet
 facet normal -0.1339173552143127 0.0 0.9909925034895086
  outer loop
   vertex -63.642456579272164 -2.0 24.529571484452234
   vertex -63.56454476805999 -2.0 24.540100064295927
   vertex -63.56454476805999 105.0 24.540100064295927
  endloop
 endfacet
 facet normal -0.1339173552143127 0.0 0.9909925034895086
  outer loop
   vertex -63.642456579272164 -2.0 24.529571484452234
   vertex -63.56454476805999 105.0 24.540100064295927
   vertex -63.642456579272164 105.0 24.529571484452234
  endloop
 endfacet
 facet normal -0.13408657254496306 0.0 0.9909696216651368
  outer loop
   vertex -63.56454476805999 -2.0 24.540100064295927
   vertex -63.48868652016637 -2.0 24.550364326930165
   vertex -63.48868652016637 105.0 24.550364326930165
  endloop
 endfacet
 facet normal -0.13408657254496306 0.0 0.9909696216651368
  outer loop
   vertex -63.56454476805999 -2.0 24.540100064295927
   vertex -63.48868652016637 105.0 24.550364326930165
   vertex -63.56454476805999 105.0 24.540100064295927
  endloop
 endfacet
 facet normal -0.1342527586543913 0.0 0.9909471210885502
  outer loop
   vertex -63.48868652016637 -2.0 24.550364326930165
   vertex -63.414883800020334 -2.0 24.56036306305336
   vertex -63.414883800020334 105.0 24.56036306305336
  endloop
 endfacet
 facet normal -0.1342527586543913 0.0 0.9909471210885502
  outer loop
   vertex -63.48868652016637 -2.0 24.550364326930165
   vertex -63.414883800020334 105.0 24.56036306305336
   vertex -63.48868652016637 105.0 24.550364326930165
  endloop
 endfacet
 facet normal -0.13441578807801657 0.0 0.9909250203296744
  outer loop
   vertex -63.414883800020334 -2.0 24.56036306305336
   vertex -63.34313851667034 -2.0 24.57009507970903
   vertex -63.34313851667034 105.0 24.57009507970903
  endloop
 endfacet
 facet normal -0.13441578807801657 0.0 0.9909250203296744
  outer loop
   vertex -63.414883800020334 -2.0 24.56036306305336
   vertex -63.34313851667034 105.0 24.57009507970903
   vertex -63.414883800020334 105.0 24.56036306305336
  endloop
 endfacet
 facet normal -0.13457553865636984 0.0 0.990903337563936
  outer loop
   vertex -63.34313851667034 -2.0 24.57009507970903
   vertex -63.27345252390886 -2.0 24.57955920164421
   vertex -63.27345252390886 105.0 24.57955920164421
  endloop
 endfacet
 facet normal -0.13457553865636984 0.0 0.990903337563936
  outer loop
   vertex -63.34313851667034 -2.0 24.57009507970903
   vertex -63.27345252390886 105.0 24.57955920164421
   vertex -63.34313851667034 105.0 24.57009507970903
  endloop
 endfacet
 facet normal 0.16110398250755872 0.0 0.9869374381490471
  outer loop
   vertex -63.27345252390886 -2.0 24.57955920164421
   vertex -63.25749299145039 -2.0 24.57695402715327
   vertex -63.25749299145039 105.0 24.57695402715327
  endloop
 endfacet
 facet normal 0.16110398250755872 -0.0 0.9869374381490471
  outer loop
   vertex -63.27345252390886 -2.0 24.57955920164421
   vertex -63.25749299145039 105.0 24.57695402715327
   vertex -63.27345252390886 105.0 24.57955920164421
  endloop
 endfacet
endsolid wing-pressure
solid wing-TE
 facet normal 0.9902680687415685 -0.0 0.1391731009600786
  outer loop
   vertex -63.18790644097035 -2.0 24.081819992782485
   vertex -63.18790644097035 105.0 24.081819992782485
   vertex -63.25749299145039 105.0 24.57695402715327
  endloop
 endfacet
 facet normal 0.9902680687415685 0.0 0.1391731009600786
  outer loop
   vertex -63.18790644097035 -2.0 24.081819992782485
   vertex -63.25749299145039 105.0 24.57695402715327
   vertex -63.25749299145039 -2.0 24.57695402715327
  endloop
 endfacet
endsolid wing-TE
solid wing-endplate_inner
 facet normal 0.0 1.0 0.0
  outer loop
   vertex -139.65 103.5 6.75
   vertex -58.650000000000006 103.5 37.724999999999994
   vertex -58.650000000000006 103.5 6.75
  endloop
 endfacet
 facet normal 0.0 1.0 0.0
  outer loop
   vertex -139.65 103.5 6.75
   vertex -139.65 103.5 37.724999999999994
   vertex -58.650000000000006 103.5 37.724999999999994
  endloop
 endfacet
 facet normal -0.1439398457141111 0.9895864392845115 0.0
  outer loop
   vertex -58.650000000000006 103.5 6.75
   vertex -50.400000000000006 104.7 37.724999999999994
   vertex -50.400000000000006 104.7 6.75
  endloop
 endfacet
 facet normal -0.1439398457141111 0.9895864392845115 0.0
  outer loop
   vertex -58.650000000000006 103.5 6.75
   vertex -58.650000000000006 103.5 37.724999999999994
   vertex -50.400000000000006 104.7 37.724999999999994
  endloop
 endfacet
endsolid wing-endplate_inner
solid wing-endplate_outer
 facet normal 0.0 -1.0 0.0
  outer loop
   vertex -139.65 106.5 6.75
   vertex -58.650000000000006 106.5 6.75
   vertex -58.650000000000006 106.5 37.724999999999994
  endloop
 endfacet
 facet normal 0.0 -1.0 0.0
  outer loop
   vertex -139.65 106.5 6.75
   vertex -58.650000000000006 106.5 37.724999999999994
   vertex -139.65 106.5 37.724999999999994
  endloop
 endfacet
 facet normal -0.1439398457141111 -0.9895864392845115 0.0
  outer loop
   vertex -58.650000000000006 106.5 6.75
   vertex -50.400000000000006 105.3 6.75
   vertex -50.400000000000006 105.3 37.724999999999994
  endloop
 endfacet
 facet normal -0.1439398457141111 -0.9895864392845115 0.0
  outer loop
   vertex -58.650000000000006 106.5 6.75
   vertex -50.400000000000006 105.3 37.724999999999994
   vertex -58.650000000000006 106.5 37.724999999999994
  endloop
 endfacet
endsolid wing-endplate_outer
solid wing-endplate_top
 facet normal 0.0 -0.0 1.0
  outer loop
   vertex -139.65 105.0 37.724999999999994
   vertex -139.65 106.5 37.724999999999994
   vertex -140.0382285676538 106.4488887394336 37.724999999999994
  endloop
 endfacet
 facet normal 0.0 0.0 1.0
  outer loop
   vertex -139.65 105.0 37.724999999999994
   vertex -140.0382285676538 106.4488887394336 37.724999999999994
   vertex -140.4 106.29903810567666 37.724999999999994
  endloop
 endfacet
 facet normal 0.0 0.0 1.0
  outer loop
   vertex -139.65 105.0 37.724999999999994
   vertex -140.4 106.29903810567666 37.724999999999994
   vertex -140.71066017177984 106.06066017177982 37.724999999999994
  endloop
 endfacet
 facet normal 0.0 0.0 1.0
  outer loop
   vertex -139.65 105.0 37.724999999999994
   vertex -140.71066017177984 106.06066017177982 37.724999999999994
   vertex -140.94903810567666 105.75 37.724999999999994
  endloop
 endfacet
 facet normal 0.0 0.0 1.0
  outer loop
   vertex -139.65 105.0 37.724999999999994
   vertex -140.94903810567666 105.75 37.724999999999994
   vertex -141.09888873943362 105.38822856765378 37.724999999999994
  endloop
 endfacet
 facet normal 0.0 0.0 1.0
  outer loop
   vertex -139.65 105.0 37.724999999999994
   vertex -141.09888873943362 105.38822856765378 37.724999999999994
   vertex -141.15 105.0 37.724999999999994
  endloop
 endfacet
 facet normal 0.0 0.0 1.0
  outer loop
   vertex -139.65 105.0 37.724999999999994
   vertex -141.15 105.0 37.724999999999994
   vertex -141.09888873943362 104.61177143234622 37.724999999999994
  endloop
 endfacet
 facet normal 0.0 0.0 1.0
  outer loop
   vertex -139.65 105.0 37.724999999999994
   vertex -141.09888873943362 104.61177143234622 37.724999999999994
   vertex -140.94903810567666 104.25 37.724999999999994
  endloop
 endfacet
 facet normal 0.0 0.0 1.0
  outer loop
   vertex -139.65 105.0 37.724999999999994
   vertex -140.94903810567666 104.25 37.724999999999994
   vertex -140.71066017177984 103.93933982822018 37.724999999999994
  endloop
 endfacet
 facet normal 0.0 0.0 1.0
  outer loop
   vertex -139.65 105.0 37.724999999999994
   vertex -140.71066017177984 103.93933982822018 37.724999999999994
   vertex -140.4 103.70096189432334 37.724999999999994
  endloop
 endfacet
 facet normal 0.0 0.0 1.0
  outer loop
   vertex -139.65 105.0 37.724999999999994
   vertex -140.4 103.70096189432334 37.724999999999994
   vertex -140.0382285676538 103.5511112605664 37.724999999999994
  endloop
 endfacet
 facet normal 0.0 0.0 1.0
  outer loop
   vertex -139.65 105.0 37.724999999999994
   vertex -140.0382285676538 103.5511112605664 37.724999999999994
   vertex -139.65 103.5 37.724999999999994
  endloop
 endfacet
 facet normal 0 0 1
  outer loop
   vertex -139.65 105.0 37.724999999999994
   vertex -139.65 106.5 37.724999999999994
   vertex -139.65 103.5 37.724999999999994
  endloop
 endfacet
 facet normal 0 0 1
  outer loop
   vertex -139.65 105.0 37.724999999999994
   vertex -139.65 103.5 37.724999999999994
   vertex -139.65 106.5 37.724999999999994
  endloop
 endfacet
 facet normal 0 0 1
  outer loop
   vertex -139.65 105.0 37.724999999999994
   vertex -139.65 103.5 37.724999999999994
   vertex -139.65 106.5 37.724999999999994
  endloop
 endfacet
 facet normal 0.0 0.0 1.0
  outer loop
   vertex -139.65 103.5 37.724999999999994
   vertex -58.650000000000006 103.5 37.724999999999994
   vertex -58.650000000000006 106.5 37.724999999999994
  endloop
 endfacet
 facet normal 0.0 0.0 1.0
  outer loop
   vertex -139.65 103.5 37.724999999999994
   vertex -58.650000000000006 106.5 37.724999999999994
   vertex -139.65 106.5 37.724999999999994
  endloop
 endfacet
 facet normal 0.0 0.0 1.0
  outer loop
   vertex -58.650000000000006 103.5 37.724999999999994
   vertex -50.400000000000006 104.7 37.724999999999994
   vertex -50.400000000000006 105.3 37.724999999999994
  endloop
 endfacet
 facet normal 0.0 0.0 1.0
  outer loop
   vertex -58.650000000000006 103.5 37.724999999999994
   vertex -50.400000000000006 105.3 37.724999999999994
   vertex -58.650000000000006 106.5 37.724999999999994
  endloop
 endfacet
endsolid wing-endplate_top
solid wing-endplate_bottom
 facet normal 0.0 0.0 -1.0
  outer loop
   vertex -139.65 105.0 6.75
   vertex -140.0382285676538 106.4488887394336 6.75
   vertex -139.65 106.5 6.75
  endloop
 endfacet
 facet normal 0.0 0.0 -1.0
  outer loop
   vertex -139.65 105.0 6.75
   vertex -140.4 106.29903810567666 6.75
   vertex -140.0382285676538 106.4488887394336 6.75
  endloop
 endfacet
 facet normal 0.0 0.0 -1.0
  outer loop
   vertex -139.65 105.0 6.75
   vertex -140.71066017177984 106.06066017177982 6.75
   vertex -140.4 106.29903810567666 6.75
  endloop
 endfacet
 facet normal 0.0 0.0 -1.0
  outer loop
   vertex -139.65 105.0 6.75
   vertex -140.94903810567666 105.75 6.75
   vertex -140.71066017177984 106.06066017177982 6.75
  endloop
 endfacet
 facet normal 0.0 0.0 -1.0
  outer loop
   vertex -139.65 105.0 6.75
   vertex -141.09888873943362 105.38822856765378 6.75
   vertex -140.94903810567666 105.75 6.75
  endloop
 endfacet
 facet normal 0.0 0.0 -1.0
  outer loop
   vertex -139.65 105.0 6.75
   vertex -141.15 105.0 6.75
   vertex -141.09888873943362 105.38822856765378 6.75
  endloop
 endfacet
 facet normal -0.0 0.0 -1.0
  outer loop
   vertex -139.65 105.0 6.75
   vertex -141.09888873943362 104.61177143234622 6.75
   vertex -141.15 105.0 6.75
  endloop
 endfacet
 facet normal 0.0 0.0 -1.0
  outer loop
   vertex -139.65 105.0 6.75
   vertex -140.94903810567666 104.25 6.75
   vertex -141.09888873943362 104.61177143234622 6.75
  endloop
 endfacet
 facet normal 0.0 0.0 -1.0
  outer loop
   vertex -139.65 105.0 6.75
   vertex -140.71066017177984 103.93933982822018 6.75
   vertex -140.94903810567666 104.25 6.75
  endloop
 endfacet
 facet normal 0.0 0.0 -1.0
  outer loop
   vertex -139.65 105.0 6.75
   vertex -140.4 103.70096189432334 6.75
   vertex -140.71066017177984 103.93933982822018 6.75
  endloop
 endfacet
 facet normal 0.0 0.0 -1.0
  outer loop
   vertex -139.65 105.0 6.75
   vertex -140.0382285676538 103.5511112605664 6.75
   vertex -140.4 103.70096189432334 6.75
  endloop
 endfacet
 facet normal 0.0 -0.0 -1.0
  outer loop
   vertex -139.65 105.0 6.75
   vertex -139.65 103.5 6.75
   vertex -140.0382285676538 103.5511112605664 6.75
  endloop
 endfacet
 facet normal 0 0 1
  outer loop
   vertex -139.65 105.0 6.75
   vertex -139.65 103.5 6.75
   vertex -139.65 106.5 6.75
  endloop
 endfacet
 facet normal 0 0 1
  outer loop
   vertex -139.65 105.0 6.75
   vertex -139.65 106.5 6.75
   vertex -139.65 103.5 6.75
  endloop
 endfacet
 facet normal 0 0 1
  outer loop
   vertex -139.65 105.0 6.75
   vertex -139.65 106.5 6.75
   vertex -139.65 103.5 6.75
  endloop
 endfacet
 facet normal 0.0 0.0 -1.0
  outer loop
   vertex -139.65 103.5 6.75
   vertex -58.650000000000006 106.5 6.75
   vertex -58.650000000000006 103.5 6.75
  endloop
 endfacet
 facet normal 0.0 0.0 -1.0
  outer loop
   vertex -139.65 103.5 6.75
   vertex -139.65 106.5 6.75
   vertex -58.650000000000006 106.5 6.75
  endloop
 endfacet
 facet normal 0.0 0.0 -1.0
  outer loop
   vertex -58.650000000000006 103.5 6.75
   vertex -50.400000000000006 105.3 6.75
   vertex -50.400000000000006 104.7 6.75
  endloop
 endfacet
 facet normal 0.0 0.0 -1.0
  outer loop
   vertex -58.650000000000006 103.5 6.75
   vertex -58.650000000000006 106.5 6.75
   vertex -50.400000000000006 105.3 6.75
  endloop
 endfacet
endsolid wing-endplate_bottom
solid wing-endplate_LE
 facet normal -0.13052619222005954 0.9914448613738093 0.0
  outer loop
   vertex -139.65 106.5 6.75
   vertex -140.0382285676538 106.4488887394336 6.75
   vertex -140.0382285676538 106.4488887394336 37.724999999999994
  endloop
 endfacet
 facet normal -0.13052619222005954 0.9914448613738093 0.0
  outer loop
   vertex -139.65 106.5 6.75
   vertex -140.0382285676538 106.4488887394336 37.724999999999994
   vertex -139.65 106.5 37.724999999999994
  endloop
 endfacet
 facet normal -0.3826834323650841 0.9238795325112891 0.0
  outer loop
   vertex -140.0382285676538 106.4488887394336 6.75
   vertex -140.4 106.29903810567666 6.75
   vertex -140.4 106.29903810567666 37.724999999999994
  endloop
 endfacet
 facet normal -0.3826834323650841 0.9238795325112891 0.0
  outer loop
   vertex -140.0382285676538 106.4488887394336 6.75
   vertex -140.4 106.29903810567666 37.724999999999994
   vertex -140.0382285676538 106.4488887394336 37.724999999999994
  endloop
 endfacet
 facet normal -0.6087614290087192 0.7933533402912363 0.0
  outer loop
   vertex -140.4 106.29903810567666 6.75
   vertex -140.71066017177984 106.06066017177982 6.75
   vertex -140.71066017177984 106.06066017177982 37.724999999999994
  endloop
 endfacet
 facet normal -0.6087614290087192 0.7933533402912363 0.0
  outer loop
   vertex -140.4 106.29903810567666 6.75
   vertex -140.71066017177984 106.06066017177982 37.724999999999994
   vertex -140.4 106.29903810567666 37.724999999999994
  endloop
 endfacet
 facet normal -0.7933533402912403 0.6087614290087139 0.0
  outer loop
   vertex -140.71066017177984 106.06066017177982 6.75
   vertex -140.94903810567666 105.75 6.75
   vertex -140.94903810567666 105.75 37.724999999999994
  endloop
 endfacet
 facet normal -0.7933533402912403 0.6087614290087139 0.0
  outer loop
   vertex -140.71066017177984 106.06066017177982 6.75
   vertex -140.94903810567666 105.75 37.724999999999994
   vertex -140.71066017177984 106.06066017177982 37.724999999999994
  endloop
 endfacet
 facet normal -0.9238795325112762 0.38268343236511504 0.0
  outer loop
   vertex -140.94903810567666 105.75 6.75
   vertex -141.09888873943362 105.38822856765378 6.75
   vertex -141.09888873943362 105.38822856765378 37.724999999999994
  endloop
 endfacet
 facet normal -0.9238795325112762 0.38268343236511504 0.0
  outer loop
   vertex -140.94903810567666 105.75 6.75
   vertex -141.09888873943362 105.38822856765378 37.724999999999994
   vertex -140.94903810567666 105.75 37.724999999999994
  endloop
 endfacet
 facet normal -0.991444861373814 0.13052619222002387 0.0
  outer loop
   vertex -141.09888873943362 105.38822856765378 6.75
   vertex -141.15 105.0 6.75
   vertex -141.15 105.0 37.724999999999994
  endloop
 endfacet
 facet normal -0.991444861373814 0.13052619222002387 0.0
  outer loop
   vertex -141.09888873943362 105.38822856765378 6.75
   vertex -141.15 105.0 37.724999999999994
   vertex -141.09888873943362 105.38822856765378 37.724999999999994
  endloop
 endfacet
 facet normal -0.991444861373814 -0.13052619222002387 0.0
  outer loop
   vertex -141.15 105.0 6.75
   vertex -141.09888873943362 104.61177143234622 6.75
   vertex -141.09888873943362 104.61177143234622 37.724999999999994
  endloop
 endfacet
 facet normal -0.991444861373814 -0.13052619222002387 0.0
  outer loop
   vertex -141.15 105.0 6.75
   vertex -141.09888873943362 104.61177143234622 37.724999999999994
   vertex -141.15 105.0 37.724999999999994
  endloop
 endfacet
 facet normal -0.9238795325112762 -0.38268343236511504 0.0
  outer loop
   vertex -141.09888873943362 104.61177143234622 6.75
   vertex -140.94903810567666 104.25 6.75
   vertex -140.94903810567666 104.25 37.724999999999994
  endloop
 endfacet
 facet normal -0.9238795325112762 -0.38268343236511504 0.0
  outer loop
   vertex -141.09888873943362 104.61177143234622 6.75
   vertex -140.94903810567666 104.25 37.724999999999994
   vertex -141.09888873943362 104.61177143234622 37.724999999999994
  endloop
 endfacet
 facet normal -0.7933533402912403 -0.6087614290087139 0.0
  outer loop
   vertex -140.94903810567666 104.25 6.75
   vertex -140.71066017177984 103.93933982822018 6.75
   vertex -140.71066017177984 103.93933982822018 37.724999999999994
  endloop
 endfacet
 facet normal -0.7933533402912403 -0.6087614290087139 0.0
  outer loop
   vertex -140.94903810567666 104.25 6.75
   vertex -140.71066017177984 103.93933982822018 37.724999999999994
   vertex -140.94903810567666 104.25 37.724999999999994
  endloop
 endfacet
 facet normal -0.6087614290087192 -0.7933533402912363 0.0
  outer loop
   vertex -140.71066017177984 103.93933982822018 6.75
   vertex -140.4 103.70096189432334 6.75
   vertex -140.4 103.70096189432334 37.724999999999994
  endloop
 endfacet
 facet normal -0.6087614290087192 -0.7933533402912363 0.0
  outer loop
   vertex -140.71066017177984 103.93933982822018 6.75
   vertex -140.4 103.70096189432334 37.724999999999994
   vertex -140.71066017177984 103.93933982822018 37.724999999999994
  endloop
 endfacet
 facet normal -0.3826834323650841 -0.9238795325112891 0.0
  outer loop
   vertex -140.4 103.70096189432334 6.75
   vertex -140.0382285676538 103.5511112605664 6.75
   vertex -140.0382285676538 103.5511112605664 37.724999999999994
  endloop
 endfacet
 facet normal -0.3826834323650841 -0.9238795325112891 0.0
  outer loop
   vertex -140.4 103.70096189432334 6.75
   vertex -140.0382285676538 103.5511112605664 37.724999999999994
   vertex -140.4 103.70096189432334 37.724999999999994
  endloop
 endfacet
 facet normal -0.13052619222005954 -0.9914448613738093 0.0
  outer loop
   vertex -140.0382285676538 103.5511112605664 6.75
   vertex -139.65 103.5 6.75
   vertex -139.65 103.5 37.724999999999994
  endloop
 endfacet
 facet normal -0.13052619222005954 -0.9914448613738093 0.0
  outer loop
   vertex -140.0382285676538 103.5511112605664 6.75
   vertex -139.65 103.5 37.724999999999994
   vertex -140.0382285676538 103.5511112605664 37.724999999999994
  endloop
 endfacet
endsolid wing-endplate_LE
solid wing-endplate_TE
 facet normal 1.0 0.0 0.0
  outer loop
   vertex -50.400000000000006 104.7 6.75
   vertex -50.400000000000006 105.3 6.75
   vertex -50.400000000000006 105.3 37.724999999999994
  endloop
 endfacet
 facet normal 1.0 0.0 0.0
  outer loop
   vertex -50.400000000000006 104.7 6.75
   vertex -50.400000000000006 105.3 37.724999999999994
   vertex -50.400000000000006 104.7 37.724999999999994
  endloop
 endfacet
endsolid wing-endplate_TE
